V1,V2,V3,V4,V5,V6,V7,V8,V9,V10,Role,Consent,Q33,Q35,Q37,Comp.Check,Q43,Q74_1,Q74_2,Q74_3,Q74_4,Q60,Q62_1,Q62_2,Q62_3,Q62_4,Q64,Q66_1,Q66_2,Q66_3,Q66_4,Q101,Q102_1,Q102_2,Q102_3,Q102_4,Q78,Q80_1,Q80_2,Q80_3,Q80_4,Buyer.Counter,Buyer.Better,Seller.Counter,Seller.Better,Q45,continue,Why.continue,emotion_1,emotion_2,emotion_3,emotion_4,emotion_5,emotion_6,emotion_7,Enthusiastic,Thoughts,Likeability_8,Likeability_9,Likeability_10,Trust.A_1,Trust.A_2,Trust.C_1,Trust.C_2,Trust.A.1,Trust.A.2,Closeness_8,Closeness_9,Closeness_10,CloseCircle,Sex,Sex_TEXT,Educ,Age,Exper,Purpose,LocationLatitude,LocationLongitude,LocationAccuracy,LabID
ResponseID,ResponseSet,Name,ExternalDataReference,EmailAddress,IPAddress,Status,StartDate,EndDate,Finished,Role,"Dear Participant,   You will complete an activity with other participants, then complete a survey...","To participate in this survey, you must answer the following questions correctly.","Lucas has 2 one-dollar bills, 3 dimes, and 3 nickels.  How much money does Lucas have?",The class is doing a math activity. There are 5 groups of 4 students.  How many students are ther...,You passed the attention check.,"In this study, you will be negotiating the price of a used iPhone 5 (16g). We will assign you to...",Timing-First Click,Timing-Last Click,Timing-Page Submit,Timing-Click Count,"Assignment to the role of Buyer or Seller   Now, you will be assigned to the role of either Buyer...",Timing-First Click,Timing-Last Click,Timing-Page Submit,Timing-Click Count,You are the buyer. You will be negotiating the price of a used iPhone 5 (16g). The average price...,Timing-First Click,Timing-Last Click,Timing-Page Submit,Timing-Click Count,You are the seller. You will be negotiating the price of a used iPhone 5 (16g). The average price...,Timing-First Click,Timing-Last Click,Timing-Page Submit,Timing-Click Count,Please wait as we match you to a partner.  Your partner will read your response and send you a re...,Timing-First Click,Timing-Last Click,Timing-Page Submit,Timing-Click Count,I can't accept your offer. My counteroffer is $110.,I can't accept your offer. I want you to make me a better offer.,I can't accept your offer. My counteroffer is $90.,I can't accept your offer. I want you to make me a better offer.,What is your response?,Would you like to continue negotiating with this partner?,Why or why not?,Which emotion did your partner express in their response?-Anxious,Which emotion did your partner express in their response?-Sadness,Which emotion did your partner express in their response?-Anger,Which emotion did your partner express in their response?-Joy,Which emotion did your partner express in their response?-Neutral,Which emotion did your partner express in their response?-Disgust,Which emotion did your partner express in their response?-Fear,To what extent does your partner seem eager or enthusiastic about your offer?,What are your general thoughts about this partner's response? ,Please answer the following questions about your partner.-This person is the kind of person almost everyone likes.,Please answer the following questions about your partner.-This person is someone people really enjoy spending time with.,Please answer the following questions about your partner.-This person is a very likable person.,Please indicate the extent to which you agree with the following statements about your partner.-I would share my ideas and hopes with this person.,Please indicate the extent to which you agree with the following statements about your partner.-I would talk with this person about difficulties I am having at school and work.,Please indicate the extent to which you agree with the following statements about your partner.-I would take this person's advice about school and work.,Please indicate the extent to which you agree with the following statements about your partner.-I would rely on this person to follow through on commitments.,How much do you trust your partner?,Your partner is a trustworthy person.,Please answer the following questions about your partner.-I feel close to the other participant.,Please answer the following questions about your partner.-This person is someone people really enjoy spending time with.,Please answer the following questions about your partner.-I would choose to spend time with this person.,Please select the pair of circles that best describes your relationship with your partner.,Please answer a few more questions.   Please enter your sex:,Please answer a few more questions.   Please enter your sex:-TEXT,What is your highest level of education?,Please enter your age in years:,Please enter your years of work experience:,"In your own words, what was the purpose of this study?",LocationLatitude,LocationLongitude,LocationAccuracy,
R_24udoTELjWPgFjr,Default Response Set,Anonymous,,,,1,6/25/2018 4:11,6/25/2018 4:11,1,,,1,,,,,,,,,,,,,,,,,,,,,,,,,,,,,,,,,,,,,,,,,,,,,,,,,,,,,,,,,,,,,,,,32.08059692,34.81419373,-1,Not Found
R_3HYMM4e43NsLwKy,Default Response Set,Anonymous,,,128.91.111.179,0,6/25/2018 8:39,6/25/2018 8:44,1,Seller,1,1,3,2,1,1,0,0,67.392,0,1,0,0,8.062,0,,,,,,test,24.758,24.758,27.343,1,1,0,0,22.037,0,,,,1,test,0,test,7,7,7,7,7,7,7,7,test,1,1,1,1,1,1,1,1,1,1,1,1,1,1,,6,24,2,test,39.95970154,-75.19680023,-1,Not Found
R_bNujXLP79YtyGYN,Default Response Set,Anonymous,,,128.91.111.179,0,6/25/2018 11:08,6/25/2018 11:15,1,Seller,1,1,3,2,1,1,0,0,28.75,0,1,0,0,8.07,0,,,,,,test,2.603,2.603,23.486,1,1,0,0,22.037,0,,,1,,test,1,test,7,7,7,7,7,7,7,7,test,1,1,1,1,1,1,1,1,1,1,1,1,1,1,,6,24,2,test,39.95970154,-75.19680023,-1,Not Found
R_3MKmcZheyIZL3PP,Default Response Set,Anonymous,,,128.91.111.179,0,6/25/2018 11:16,6/25/2018 11:20,1,Buyer,1,1,3,2,1,1,0,0,20.785,0,1,0,0,8.091,0,test,1.608,14.714,16.098,3,,,,,,1,0,0,22.042,0,1,,,,test,1,test,7,7,7,7,7,7,7,7,test,1,1,1,1,1,1,1,1,1,1,1,1,1,1,,6,24,2,test,39.95970154,-75.19680023,-1,Not Found
R_vGF0pcvaFxsGZ7H,Default Response Set,Anonymous,,,173.21.103.66,0,6/25/2018 11:26,6/25/2018 11:26,1,,1,1,1,4,,,,,,,,,,,,,,,,,,,,,,,,,,,,,,,,,,,,,,,,,,,,,,,,,,,,,,,,,,,,,,30.50349426,-88.14320374,-1,Not Found
R_2rScrOV786uZ5Sx,Default Response Set,Anonymous,,,107.174.170.116,0,6/25/2018 11:26,6/25/2018 11:26,1,,1,1,5,2,,,,,,,,,,,,,,,,,,,,,,,,,,,,,,,,,,,,,,,,,,,,,,,,,,,,,,,,,,,,,,34.0493927,-118.2640991,-1,Not Found
R_cIx65HHtoFT7I0p,Default Response Set,Anonymous,,,107.174.170.116,0,6/25/2018 11:27,6/25/2018 11:27,1,,1,1,2,1,,,,,,,,,,,,,,,,,,,,,,,,,,,,,,,,,,,,,,,,,,,,,,,,,,,,,,,,,,,,,,34.0493927,-118.2640991,-1,Not Found
R_1DNoIy5bSYP8hDl,Default Response Set,Anonymous,,,107.174.170.116,0,6/25/2018 11:27,6/25/2018 11:27,1,,1,1,3,5,,,,,,,,,,,,,,,,,,,,,,,,,,,,,,,,,,,,,,,,,,,,,,,,,,,,,,,,,,,,,,34.0493927,-118.2640991,-1,Not Found
R_3PLfDcOsqzo6ogf,Default Response Set,Anonymous,,,107.174.170.116,0,6/25/2018 11:28,6/25/2018 11:28,1,,1,1,4,4,,,,,,,,,,,,,,,,,,,,,,,,,,,,,,,,,,,,,,,,,,,,,,,,,,,,,,,,,,,,,,34.0493927,-118.2640991,-1,Not Found
R_2f3RASTERZ2wKS1,Default Response Set,Anonymous,,,67.254.210.204,0,6/25/2018 11:27,6/25/2018 11:28,1,,1,1,2,2,,,,,,,,,,,,,,,,,,,,,,,,,,,,,,,,,,,,,,,,,,,,,,,,,,,,,,,,,,,,,,40.79100037,-73.92559814,-1,Not Found
R_2EioJRkYHhdCodq,Default Response Set,Anonymous,,,107.174.170.116,0,6/25/2018 11:28,6/25/2018 11:28,1,,1,1,3,1,,,,,,,,,,,,,,,,,,,,,,,,,,,,,,,,,,,,,,,,,,,,,,,,,,,,,,,,,,,,,,34.0493927,-118.2640991,-1,Not Found
R_2xQ7qZjb8iFb7Un,Default Response Set,Anonymous,,,66.142.195.201,0,6/25/2018 11:26,6/25/2018 11:29,1,Buyer,1,1,3,2,1,1,18.306,18.306,22.17,1,1,0,0,8.088,0,100,4.491,16.23,17.29,3,,,,,,1,0,0,22.036,0,,1,,,I can offer $90,1,I think I can sell my phone for an acceptable price.,1,1,1,1,7,1,1,2,Indifferent.,4,4,4,5,7,6,6,4,5,2,4,4,1,0,,5,41,18,Don't know.,34.80580139,-96.70459747,-1,A2M45YGLOWMO4N
R_RVRwlu4PgSLkOv7,Default Response Set,Anonymous,,,107.174.170.116,0,6/25/2018 11:28,6/25/2018 11:29,1,,1,1,1,3,,,,,,,,,,,,,,,,,,,,,,,,,,,,,,,,,,,,,,,,,,,,,,,,,,,,,,,,,,,,,,34.0493927,-118.2640991,-1,Not Found
R_837b0Pt6I8KJdbb,Default Response Set,Anonymous,,,98.242.255.44,0,6/25/2018 11:26,6/25/2018 11:29,1,Buyer,1,1,3,2,1,1,26.22,26.22,26.48,1,1,0,0,8.064,0,100,6.706,21.642,24.761,6,,,,,,1,0,0,22.034,0,1,,,,I will only do 100.,1,Because i feel like i can get a lower price. ,2,2,2,2,6,2,2,4,This person seems robotic.,3,3,2,2,2,2,2,3,3,2,2,2,1,0,,3,29,5,,25.98249817,-80.34339905,-1,A2541C8MY0BYV3
R_1ooi0OsiTglR2SP,Default Response Set,Anonymous,,,157.32.106.71,0,6/25/2018 11:28,6/25/2018 11:29,1,,1,1,2,2,,,,,,,,,,,,,,,,,,,,,,,,,,,,,,,,,,,,,,,,,,,,,,,,,,,,,,,,,,,,,,23.03329468,72.61669922,-1,Not Found
R_33wjkozf5nde1EC,Default Response Set,Anonymous,,,69.197.108.78,0,6/25/2018 11:26,6/25/2018 11:29,1,Seller,1,1,3,2,1,1,0,0,27.909,0,1,0,0,8.079,0,,,,,,100,1.781,1.781,16.455,1,1,0,0,22.014,0,,,,1,90,0,They may be tough to negotiate with,2,2,3,2,5,2,2,2,Dissapointing,4,4,4,2,2,2,2,4,4,1,4,2,1,0,,5,31,7,Unsure,41.73640442,-89.70420074,-1,A38VMTKS30TQZB
R_RfBL0xx1vPyzhtL,Default Response Set,Anonymous,,,67.189.171.219,0,6/25/2018 11:26,6/25/2018 11:29,1,Seller,1,1,3,2,1,1,0,0,21.762,0,1,0,0,8.099,0,,,,,,100,5.057,5.057,16.014,1,1,0,0,22.085,0,,,1,,How about $95?,1,I think they are close to what I want so they may come up a bit.,1,1,1,1,7,1,1,3,They didn't have much emotion and didn't low ball.,4,4,4,4,2,4,4,4,4,2,4,4,1,1,,2,22,0,To see how people work together,42.42630005,-71.45420074,-1,AMTTB8JUWRRM7
R_10peUeDvYG9E8ie,Default Response Set,Anonymous,,,68.235.36.122,0,6/25/2018 11:29,6/25/2018 11:30,1,,1,1,5,2,,,,,,,,,,,,,,,,,,,,,,,,,,,,,,,,,,,,,,,,,,,,,,,,,,,,,,,,,,,,,,41.76060486,-88.32009888,-1,Not Found
R_ZrbIyW3eW7ITOox,Default Response Set,Anonymous,,,67.61.60.10,0,6/25/2018 11:29,6/25/2018 11:30,1,,1,1,2,2,,,,,,,,,,,,,,,,,,,,,,,,,,,,,,,,,,,,,,,,,,,,,,,,,,,,,,,,,,,,,,34.18940735,-97.16030121,-1,Not Found
R_Wep69f92YT9JWSt,Default Response Set,Anonymous,,,32.212.205.146,0,6/25/2018 11:26,6/25/2018 11:30,1,Buyer,1,1,3,2,1,1,4.824,21.038,21.29,5,1,0,0,8.034,0,75,2.466,15.609,16.294,5,,,,,,1,0,0,22.02,0,1,,,,95,0,His price is too high,5,5,4,5,4,5,5,4,Price was too high,3,3,3,3,3,3,3,3,3,3,3,3,2,0,,4,29,8,,41.83650208,-72.46320343,-1,A18LPAFMK1B06K
R_ZrcyXdZzRzeNGBb,Default Response Set,Anonymous,,,209.105.187.184,0,6/25/2018 11:26,6/25/2018 11:30,1,Buyer,1,1,3,2,1,1,0,0,22.19,0,1,0,0,8.07,0,100,10.675,10.675,16.715,1,,,,,,1,0,0,22.569,0,,1,,,100 is my final offer,1,I'd like to see if they cave.,2,3,1,4,7,1,1,4,Seems like something an average person would say.,3,3,4,4,4,4,5,4,4,2,2,3,2,0,,2,26,5,I don't know.,41.52049255,-80.80079651,-1,A8OE2E20OZYKI
R_3iwEI5Jvob6iCpg,Default Response Set,Anonymous,,,74.222.105.82,0,6/25/2018 11:26,6/25/2018 11:30,1,Seller,1,1,3,2,1,1,0,0,22.208,0,1,0,0,8.059,0,,,,,,100,3.311,18.56,20.282,2,1,0,0,22.016,0,,,1,,90,1,"I still believe that 90 isn't bad for an Iphone 5, any lower and I couldn't accept.",2,1,3,3,7,5,1,2,"That he definitely did not care for my offer and wants to lower the price, at the moment, he seems disinterested.",3,3,3,2,2,2,2,3,3,3,3,3,3,0,,2,28,11,To see how we perceive others reactions in business situations.,34.20779419,-80.2818985,-1,A30W987G9S6F0G
R_DOE33CNUmUaBOM1,Default Response Set,Anonymous,,,207.172.183.90,0,6/25/2018 11:26,6/25/2018 11:30,1,Seller,1,1,3,2,1,1,0,0,21.666,0,1,0,0,8.064,0,,,,,,100,6.712,6.712,16.094,1,1,0,0,22.077,0,,,1,,95,1,i think I can get a reasonable amount from them,2,2,2,2,6,2,2,2,pretty generic response,4,4,4,2,2,2,2,1,4,2,2,2,1,1,,5,33,13,no idea,40.60620117,-75.47799683,-1,A3K4MDM191NKF6
R_9zDovp5syecbGPT,Default Response Set,Anonymous,,,173.21.103.66,0,6/25/2018 11:26,6/25/2018 11:30,1,Buyer,1,1,3,2,1,1,0,0,23.166,0,1,0,0,8.069,0,100,21.115,47.243,79.607,3,,,,,,1,0,0,22.088,0,1,,,,105,1,They are nice.,5,6,6,5,7,2,3,6,It was fair,2,3,1,6,4,6,7,7,4,6,3,4,2,0,,1,30,10,not sure,30.50349426,-88.14320374,-1,A3RS7UCO7CQ74R
R_pDEtCaUOErDR9wl,Default Response Set,Anonymous,,,69.253.127.230,0,6/25/2018 11:26,6/25/2018 11:30,1,Buyer,1,1,3,2,1,1,0,0,84.108,0,1,0,0,9.037,0,100,13.295,13.295,21.054,1,,,,,,1,0,0,22.023,0,,1,,,110,0,It doesn't really seem worth it.,1,1,1,1,7,1,1,4,"it seemed like an automated response, very neutral in tone",4,4,4,2,2,2,4,3,2,1,3,3,1,1,,5,30,5,no idea,39.93890381,-75.18470001,-1,A3RDH0U2H6JCBC
R_1EXPv1s0FS1tmIf,Default Response Set,Anonymous,,,68.235.36.122,0,6/25/2018 11:30,6/25/2018 11:30,1,,1,1,1,2,,,,,,,,,,,,,,,,,,,,,,,,,,,,,,,,,,,,,,,,,,,,,,,,,,,,,,,,,,,,,,41.76060486,-88.32009888,-1,Not Found
R_1JFQcU3cX9NAull,Default Response Set,Anonymous,,,186.47.175.191,0,6/25/2018 11:26,6/25/2018 11:30,1,Seller,1,1,3,2,1,1,0,0,25.776,0,1,0,0,8.076,0,,,,,,100,2.389,41.802,42.361,9,1,0,0,22.091,0,,,1,,Make it $95,1,Seems resonable.,7,7,7,3,4,7,7,6,I have positive thoughts about them.,6,6,6,6,6,6,6,5,6,6,5,5,5,1,,5,27,5,About decisions and negotiation perceptions.,-1.050003052,-80.44999695,-1,ANPTDUX6LOGYY
R_pS1RQ4SkmJJ6lPP,Default Response Set,Anonymous,,,73.52.197.219,0,6/25/2018 11:27,6/25/2018 11:30,1,Seller,1,1,3,2,1,1,6.225,6.225,21.121,1,1,0,0,8.097,0,,,,,,100,8.255,8.255,16.469,1,1,20.757,20.757,22.113,1,,,1,,The lowest I can go is 95,1,90 is 10% lower than my price,3,5,5,5,5,3,4,4,They wanted it 10% cheaper,5,4,4,6,4,4,4,5,5,5,3,5,4,0,,3,31,10,Looking at negotiations?,41.05859375,-80.33480072,-1,AUCHGHY1IKZZK
R_1hyFmopS7ijrSOR,Default Response Set,Anonymous,,,99.203.30.133,0,6/25/2018 11:27,6/25/2018 11:30,1,Buyer,1,1,3,2,1,1,0,0,21.645,0,1,0,0,8.059,0,75,1.669,1.669,34.125,1,,,,,,1,0,0,22.08,0,,1,,,80,0,I can find another iPhone if necessary and they were rude.,1,1,5,1,1,5,1,1,It was rude and entitled.,1,1,1,1,1,1,1,1,1,1,1,1,1,1,,5,35,10,I don't know.,25.77430725,-80.1937027,-1,A37S96RT1P1IT2
R_56ycGRam8Ng0PzX,Default Response Set,Anonymous,,,107.4.167.215,0,6/25/2018 11:26,6/25/2018 11:30,1,Seller,1,1,3,2,1,1,17.433,17.433,21.287,1,1,0,0,8.07,0,,,,,,100,3.024,3.024,16.4,1,1,2.026,4.321,22.014,3,,,,1,95,1,They're probably really bad at haggling and will meet me somewhere around 85$. If I was given control of this from the beginning I would have started it at about 120.,2,2,5,2,6,2,2,2,"They're trying to put up a hard front, and either they're too poor to pay a reasonable amount or they're just playing around. ",2,2,2,2,2,2,6,3,5,1,2,2,1,0,,2,24,4,To see what impressions people will form of another person based on a single sentence and their cooperation or lack thereof.,44.80459595,-93.13710022,-1,A366TZDVJK02PN
R_25zqHN9h1s8KeKj,Default Response Set,Anonymous,,,73.92.5.208,0,6/25/2018 11:26,6/25/2018 11:31,1,Seller,1,1,3,2,1,1,0,0,23.959,0,1,0,0,8.073,0,,,,,,100,6.805,6.805,56.887,1,1,0,0,22.018,0,,,,1,95,1,might be ok,2,2,2,2,6,2,2,3,he wasnt happy,5,5,5,5,5,5,5,5,5,5,5,5,2,1,,3,35,16,no idea,38.35069275,-121.9326019,-1,AZ9BZONG644TU
R_27jmzHZ7L2kqhF4,Default Response Set,Anonymous,,,72.134.144.11,0,6/25/2018 11:26,6/25/2018 11:31,1,Buyer,1,1,3,2,1,1,0,0,39.401,0,1,0,0,8.861,0,100,21.841,34.354,36.306,3,,,,,,1,0,0,22.463,0,,1,,,What's your offer?,1,Curious what the better offer is,5,3,5,3,6,2,2,3,"its a bit of a strange response, you dont usually turn down an offer with ""i have a better offer'",3,3,5,5,5,6,5,5,5,3,5,6,3,0,,1,22,5,Im honestly not sure what the purpose is. To rate someones first opinions of someone based on negotiations i suppose,32.72439575,-114.5157013,-1,A37GZS4XOXI203
R_2SCtEmcZX9aJer8,Default Response Set,Anonymous,,,68.235.36.122,0,6/25/2018 11:30,6/25/2018 11:31,1,,1,1,2,2,,,,,,,,,,,,,,,,,,,,,,,,,,,,,,,,,,,,,,,,,,,,,,,,,,,,,,,,,,,,,,41.76060486,-88.32009888,-1,Not Found
R_2e5nNXq8gJYJwoX,Default Response Set,Anonymous,,,68.49.18.86,0,6/25/2018 11:26,6/25/2018 11:31,1,Buyer,1,1,3,2,1,1,0,0,24.859,0,1,0,0,8.058,0,90,2.136,42.292,46.227,4,,,,,,1,0,0,22.056,0,,1,,,I'll offer 100 instead.,1,"My offer was lower than the average price, and there's still a chance to reach a compromise I can accept.",1,1,1,1,7,1,1,2,Their response was straightforward and without emotion.,4,4,4,4,4,4,4,4,5,1,4,4,1,0,,2,31,5,I have no idea at all.,42.59880066,-83.01039886,-1,AMCBA6BNEVO01
R_3dFcqWgOO6Nc3so,Default Response Set,Anonymous,,,47.153.245.144,0,6/25/2018 11:26,6/25/2018 11:31,1,Seller,1,1,3,2,1,1,0,0,21.735,0,1,0,0,8.021,0,,,,,,I'd like to sell the phone for $100,11.586,51.105,58.711,4,1,0,0,22.016,0,,,,1,I will take $90,0,I'd like to stay firm with my offer of $90,5,2,2,2,4,2,2,2,They are not afraid to negotiate,4,4,4,2,2,4,4,4,4,2,4,4,1,1,,2,52,22,Perception of a negotiation,34.4954071,-117.3685989,-1,A1NGABF082HR2P
R_0va7oR7sZY2zKIV,Default Response Set,Anonymous,,,192.81.179.4,0,6/25/2018 11:26,6/25/2018 11:31,1,Seller,1,1,3,2,1,1,12.97,14.611,28.19,2,1,0,0,8.088,0,,,,,,I can sell you the phone for $100,9.737,9.737,28.46,1,1,0,0,22.056,0,,,1,,"Sorry, I really need to get $100 for it.",1,Because he might go up on his price.,2,2,2,2,7,2,2,5,He tried to get it for less which is normal.,4,4,4,2,3,3,5,4,4,2,2,2,1,1,,2,38,16,I don't know,36.0276947,-81.88269806,-1,A27PVIL93ZMY46
R_3snBgC4MSD9sxfU,Default Response Set,Anonymous,,,99.184.131.12,0,6/25/2018 11:26,6/25/2018 11:31,1,Buyer,1,1,3,2,1,1,0,0,54.416,0,1,0,0,8.132,0,35,30.215,30.215,37.377,1,,,,,,1,0,0,22.983,0,1,,,,40,1,I think i can get a good deal,2,2,3,2,6,2,2,3,it was very straightforward and professional,4,4,4,3,3,5,6,5,6,3,4,4,2,0,,5,49,26,i have no idea,33.79299927,-84.44319916,-1,A19UBZFVUWL1ES
R_2bTrLOBTbPJvSp0,Default Response Set,Anonymous,,,108.129.24.98,0,6/25/2018 11:28,6/25/2018 11:31,1,Buyer,1,1,3,2,1,1,0,0,30.121,0,1,0,0,8.072,0,60,6.6,6.6,16.005,1,,,,,,1,0,0,22.047,0,,1,,,60,0,im cheap,2,2,2,2,7,2,2,1,none,2,3,3,4,4,4,5,3,3,1,1,1,1,1,,2,28,1,,31.59829712,-84.21269989,-1,A3LC6M2EMDBBXP
R_3OeROflgFzVdTgk,Default Response Set,Anonymous,,,67.8.168.70,0,6/25/2018 11:27,6/25/2018 11:31,1,Buyer,1,1,3,2,1,1,0,0,52.709,0,1,0,0,8.06,0,100,2.742,20.66,22.766,3,,,,,,1,0,0,22.05,0,,1,,,sorry that is the going price for these phones,1,i want a fair price,2,3,2,1,7,3,2,3,he seems like he wants a higher asking price than what its worth,2,1,2,2,2,2,2,3,4,2,1,2,1,0,,2,39,20,negotiations,28.38529968,-81.44799805,-1,A23KAJRDVCVGOE
R_1NwwncspLJ172nN,Default Response Set,Anonymous,,,173.89.228.75,0,6/25/2018 11:27,6/25/2018 11:31,1,Seller,1,1,3,2,1,1,2.915,8.195,26.051,2,1,2.636,6.004,8.021,2,,,,,,100,2.943,16.004,21.702,4,1,0,0,22.096,0,,,,1,"I'm sorry, but I cannot go any lower than $100.",0,Because they're likely not going to reason with me.,1,1,1,1,6,1,1,1,I didn't feel they were willing to work with me and a little bit aggressive.,1,1,1,1,1,1,1,1,1,1,1,1,1,0,,3,29,9,Understanding trust in a negotiation,41.22920227,-80.42440033,-1,AU7A3QNJF3O00
R_3370acBjZQhIErN,Default Response Set,Anonymous,,,24.216.119.105,0,6/25/2018 11:26,6/25/2018 11:31,1,Buyer,1,1,3,2,1,1,0,0,27.033,0,1,0,0,8.092,0,I can offer to buy this at n$100,20.283,20.283,39.58,1,,,,,,1,0,0,22.056,0,,1,,,I can't.  ,0,I do no'tt like his attitude,7,7,6,7,7,6,7,2,I think it was short and rude ,2,2,1,1,1,1,1,1,2,1,1,1,1,0,,6,36,20,I don't know,38.3177948,-88.89209747,-1,AMPMTF5IAAMK8
R_1mxZcPhIO0CFJ3s,Default Response Set,Anonymous,,,71.193.251.191,0,6/25/2018 11:26,6/25/2018 11:31,1,Seller,1,1,3,2,1,1,0,0,28.875,0,1,0,0,8.007,0,,,,,,$100 ,7.675,19.197,20.188,3,1,15.463,15.463,22.005,1,,,,1,I'd like to see your offer and consider it ,1,Always worth getting a re pore with your customer,1,1,1,1,7,1,1,3,"Reasonable,as most people like to try an haggle",4,4,4,5,3,4,6,5,5,4,4,5,1,1,,2,24,4,How people gauge another person given minimal information ,45.01480103,-123.0155945,-1,AD7MMAHWNP83N
R_bvnQL2kdCPiLmA9,Default Response Set,Anonymous,,,45.53.213.100,0,6/25/2018 11:26,6/25/2018 11:31,1,Buyer,1,1,3,2,1,1,0,0,24.409,0,1,0,0,8.078,0,100,10.887,10.887,21.051,1,,,,,,1,0,0,22.102,0,1,,,,102.5,1,i think that i c an get this phone from them for a good price,1,1,1,4,6,1,1,3,seemed expected and reasonable,4,4,4,3,4,4,4,4,4,2,4,4,1,0,,3,38,20,not at all sure,39.52250671,-82.41699982,-1,A2O762LZEZN3JC
R_VKcOscrttYtdDpf,Default Response Set,Anonymous,,,98.236.153.2,0,6/25/2018 11:26,6/25/2018 11:31,1,Buyer,1,1,3,2,1,1,23.851,25.953,37.865,3,1,0,0,8.088,0,100,6.347,36.619,38.408,5,,,,,,1,0,0,22.077,0,1,,,,103,1,I can talk him down,2,2,2,2,6,2,2,3,"They know what they want, but they can be swayed ",2,2,2,4,3,3,3,3,2,2,3,2,1,0,,1,27,8,How much someone trusts others.,39.48410034,-80.06009674,-1,A3JV8BVZOWWDD8
R_24CKwYYvi3G5ygm,Default Response Set,Anonymous,,,67.188.124.38,0,6/25/2018 11:26,6/25/2018 11:31,1,Seller,1,1,3,2,1,1,26.845,31.353,35.728,2,1,0,0,8.023,0,,,,,,100,6.896,17.092,28.279,5,1,0,0,22.06,0,,,1,,100,1,I want to get rid of the phone and milk every penny I can.,1,1,1,1,6,1,1,4,Straight and to the point. No emotion involved.  Great setup for a real negotiation. ,4,4,5,1,1,1,4,2,2,1,4,1,1,0,,2,37,19,Determine reactions to impersonal negotiations.,38.2328949,-122.1250992,-1,A34UER5ZQ5APMB
R_3CJZjsNZ6WXk0Dq,Default Response Set,Anonymous,,,63.207.239.192,0,6/25/2018 11:27,6/25/2018 11:32,1,Buyer,1,1,3,2,1,1,0,0,26.421,0,1,0,0,8.083,0,100,10.585,10.585,26.334,1,,,,,,1,0,0,22.025,0,,1,,,110,1,I want the phone,2,2,2,2,6,2,2,2,I think that he is trying to make some money off of this. ,3,3,4,4,4,4,4,5,5,3,3,3,2,0,,5,32,13,Judging others. ,39.61169434,-121.7738953,-1,A3UTFL5JHRQCM1
R_1QLaMbEOrB5Ne4r,Default Response Set,Anonymous,,,173.2.201.11,0,6/25/2018 11:27,6/25/2018 11:32,1,Seller,1,1,3,2,1,1,38.136,38.136,45.564,1,1,0,0,8.023,0,,,,,,100,33.768,33.768,54.919,1,1,0,0,22.009,0,,,,1,95,0,He won't pay what I'm asking for.,2,1,3,1,6,1,1,2,I think he's stubborn.,2,2,2,1,1,1,2,2,2,1,2,1,1,0,,5,31,4,I think it's about how people respond to counteroffers.,41.20509338,-74.001297,-1,A3J2CI4J5V3MLP
R_2S2lYrI8Jue221N,Default Response Set,Anonymous,,,67.169.209.224,0,6/25/2018 11:27,6/25/2018 11:32,1,Seller,1,1,3,2,1,1,0,0,37.558,0,1,0,0,8.086,0,,,,,,It's $100,7.699,28.879,31.126,3,1,0,0,22.241,0,,,1,,How about 95,1,His or her offer was fair,2,2,2,2,5,2,2,3,He was straight to the point,4,4,4,3,5,4,5,5,5,5,4,4,3,0,,5,50,27,I'm not completely sure,44.63909912,-123.2709961,-1,A2YCMT5BPA0AG9
R_PIK6TPKBwzoGhnX,Default Response Set,Anonymous,,,174.195.132.245,0,6/25/2018 11:27,6/25/2018 11:32,1,Buyer,1,1,3,2,1,1,9.893,22.254,32.22,3,1,0,0,8.079,0,50,11.028,11.028,16.943,1,,,,,,1,0,0,22.1,0,,1,,,60,1,i'd like to know what their lowest price is,2,2,2,2,7,2,2,4,they likely have a high price they would like to get and want to know my highest is,4,4,4,2,3,4,5,4,4,2,4,4,1,0,,6,60,30,to gauge our emotional responses to the partner's comments ?,35.227005,-84.88040161,-1,A2M72F8KER9L71
R_UAYFdTN3p49d1cd,Default Response Set,Anonymous,,,24.186.183.108,0,6/25/2018 11:27,6/25/2018 11:32,1,Buyer,1,1,3,2,1,1,3.584,8.618,30.728,3,1,1.844,2.113,8.012,2,I would like to purchase the phone for $100.,8.934,45.228,48.553,13,,,,,,1,0,0,22.07,0,,1,,,I will go up to 110.,0,The partner did not give a counter offer so I do not know what the partner wants. ,2,2,6,2,5,5,2,1,I would have liked a counter offer.,2,2,2,2,2,2,2,1,2,2,2,2,1,0,,5,30,6,Feelings about a trading partner.,41.02220154,-73.8125,-1,AZIY6IFOS4CVC
R_3qqyzr6ZPHZRoTm,Default Response Set,Anonymous,,,67.254.210.204,0,6/25/2018 11:28,6/25/2018 11:32,1,Seller,1,1,3,2,1,1,0,0,24.858,0,1,0,0,8.097,0,,,,,,140,2.453,6.831,17.459,2,1,0,0,22.085,0,,,,1,115,1,would really like to get as close to 100$,1,1,1,1,7,1,1,6,would like to continue negotiating -willing,5,5,5,3,3,3,3,3,4,1,1,1,1,1,,5,38,16,not sure,40.79100037,-73.92559814,-1,A9ZCY6FLUCIU1
R_2dNsptWMH7yLK0A,Default Response Set,Anonymous,,,72.52.125.64,0,6/25/2018 11:31,6/25/2018 11:32,1,,1,1,3,3,,,,,,,,,,,,,,,,,,,,,,,,,,,,,,,,,,,,,,,,,,,,,,,,,,,,,,,,,,,,,,40.71429443,-74.0059967,-1,Not Found
R_zVb5Vy4rIPDltBf,Default Response Set,Anonymous,,,73.31.67.50,0,6/25/2018 11:28,6/25/2018 11:32,1,Buyer,1,1,3,2,1,1,4.319,5.413,21.736,2,1,0,0,8.048,0,100,9.94,9.94,17.255,1,,,,,,1,15.755,15.755,22.073,1,,1,,,120.00 is the highest I can go.,1,I want to see how much they are willing to move.,2,1,1,4,7,1,1,2,It was a respectful way to decline an offer.,6,6,6,6,5,5,6,6,6,4,5,5,3,0,,2,26,8,Seeing how people react to a person's response in a negotation situation.,37.61920166,-77.4960022,-1,A3URNV625JS985
R_27kDwPvxfQcYowo,Default Response Set,Anonymous,,,65.191.138.159,0,6/25/2018 11:26,6/25/2018 11:32,1,Seller,1,1,3,2,1,1,0,0,31.783,0,1,0,0,8.096,0,,,,,,I will sell it for $100,24.038,24.038,45.548,1,1,0,0,22.043,0,,,1,,How about $95,1,TO try and get more,1,1,1,1,7,1,1,4,It was just a matter of fact,5,5,5,3,3,3,3,1,3,3,3,3,1,0,,5,52,32,To see if I would accept the offer or trust the partner,35.02459717,-78.99680328,-1,AE4FRGGT254D3
R_2fxhpZeUHL1GkTG,Default Response Set,Anonymous,,,73.137.211.60,0,6/25/2018 11:26,6/25/2018 11:32,1,Buyer,1,1,3,2,1,1,0,0,23.511,0,1,5.406,6.026,8.015,2,100,15.82,15.82,18.616,1,,,,,,1,0,0,22.932,0,1,,,,110,0,110 IS A GOOD PRICE,7,7,7,1,4,7,7,1,HE DIDNT LIKE THE OFFER,2,2,2,1,1,1,1,2,4,1,1,1,1,0,,4,28,10,How I feel about negotiations,33.96809387,-84.23040009,-1,A1FW68HLKWGLGW
R_2DP7GxP3xfOtmu3,Default Response Set,Anonymous,,,73.194.199.39,0,6/25/2018 11:27,6/25/2018 11:32,1,Seller,1,1,3,2,1,1,8.703,17.845,37.157,3,1,0,0,8.082,0,,,,,,100,5.227,20.993,32.547,4,1,0,0,22.032,0,,,,1,95,1,I want to see the phone and he is still interested.,2,2,3,3,6,2,3,2,He seems sure of what he's willing to pay.,4,4,5,3,2,2,3,3,4,2,4,3,1,0,,3,45,22,To understand negotiation tactics.,39.76460266,-74.28780365,-1,A3L0DCUXI7X3A9
R_2cpvBV6qPExicc4,Default Response Set,Anonymous,,,107.145.113.42,0,6/25/2018 11:29,6/25/2018 11:33,1,Buyer,1,1,3,2,1,1,0,0,21.215,0,1,0,0,8.03,0,100,5.985,5.985,16.338,1,,,,,,1,0,0,22.008,0,1,,,,"100 is a good buy, and the going price for the phone, 110 is to high.",1,I think I can get them down to 100.,1,1,1,1,7,1,1,4,"Nothing, it was a normal counter offer.",4,4,4,1,1,1,4,4,4,1,1,1,1,0,,4,35,16,I don't really know.,28.2118988,-80.75830078,-1,A1L3937MY09J3I
R_DuUJEU8og15uNup,Default Response Set,Anonymous,,,71.229.155.164,0,6/25/2018 11:27,6/25/2018 11:33,1,Seller,1,1,3,2,1,1,0,0,28.542,0,1,0,0,8.102,0,,,,,,100,21.12,33.032,52.724,3,1,0,0,22.019,0,,,1,,Lets meet half way.. you know as well as I do that these phones hold their value and there isnt any need for me to sell myself short. $95,1,"I think the buyer knows what the phone is worth and will work with me because they don't have much of a choice, they wont find it cheaper",7,7,7,7,1,7,7,3,its typical.. everyone wants to try and get the best price and you cant blame them for that,4,4,4,3,3,4,5,2,4,3,2,2,2,0,,2,51,31,negotiating,39.73880005,-104.4083023,-1,A1S6C6EN8MPKC3
R_339BlZIcUl3gJwy,Default Response Set,Anonymous,,,75.70.148.98,0,6/25/2018 11:26,6/25/2018 11:33,1,Buyer,1,1,3,2,1,1,86.264,93.754,104.8,2,1,0,0,8.017,0,100,1.805,18.46,33.075,7,,,,,,1,0,0,22.092,0,,1,,,That's all I can offer,1,See if he'll relent,4,2,4,1,6,2,2,2,Neutral,4,4,4,3,2,4,4,4,4,2,4,4,1,0,,2,30,10,Not sure,39.92849731,-104.9559021,-1,A3EYWJCIO1MG9W
R_1eWPOnVJwD37b5f,Default Response Set,Anonymous,,,70.139.233.1,0,6/25/2018 11:26,6/25/2018 11:33,1,Seller,1,1,3,2,1,1,0,0,55.438,0,1,0,0,8.07,0,,,,,,I have an unlocked iPhone 5 for $100. It is in great condition and works very well.,8.907,8.907,44.891,1,1,0,0,22.059,0,,,1,,"I cannot take less than $100 for this phone. They are selling for $150 on Craigs List, so I have already discounted it a lot. It is like new, so you are getting a whale of a deal for a mere $100.",1,"If the buyer will go $90, he will certainly go $100. He is just trying to negotiate on the price.",1,1,1,1,6,1,1,3,"The buyer is trying to negotiate on the price, because he wants to see if he can get it for a lower cost.",4,4,4,2,1,1,4,4,4,1,4,2,2,1,,3,63,46,How to negotiate the sale of an item.,29.88130188,-95.45410156,-1,A3LECJA9RVQQKZ
R_3iOpwXqt6TIVzLk,Default Response Set,Anonymous,,,68.33.30.98,0,6/25/2018 11:26,6/25/2018 11:33,1,Seller,1,1,3,2,1,1,1.255,21.394,22.257,2,1,0,0,8.08,0,,,,,,100,6.508,6.511,17.084,2,1,0,0,22.043,0,,,,1,Why don't you make an offer?,1,We just started. I'd like to see where this goes.,2,2,4,3,6,5,2,2,He or she is being forceful and thinks he or she has all the power.,4,3,3,2,2,3,2,3,4,2,1,1,2,0,,6,40,18,Dealing with terse people.,39.11480713,-77.24620056,-1,AU2NVT51E749C
R_1PaRKsWaMswaQvs,Default Response Set,Anonymous,,,96.35.84.15,0,6/25/2018 11:28,6/25/2018 11:33,1,Seller,1,1,3,2,1,1,0,0,31.728,0,1,0,0,8.063,0,,,,,,100,10.765,10.765,31.323,1,1,0,0,22.023,0,,,1,,95,1,I think that his counter offer is reasonable.  I think we could get to a price we'd both agree on,1,1,1,3,7,2,2,4,I thought they were very straight forward in what they thought was a fair offer.,5,5,6,3,4,5,6,5,6,2,2,3,2,1,,4,35,15,To see how well people are willing to negotiate.  ,42.85339355,-83.29560089,-1,A1QGG767E07WBA
R_2QE5XUzFwXM4ZMH,Default Response Set,Anonymous,,,66.215.184.149,0,6/25/2018 11:26,6/25/2018 11:33,1,Buyer,1,1,3,2,1,1,0,0,46.481,0,1,0,0,8.08,0,100,25.104,25.104,37.606,1,,,,,,1,0,0,22.094,0,,1,,,What do you think is a fair price for it? Similar phones are going for $100,1,I'll wait to see what their response is before either ending negotiations or purchasing it,2,1,2,1,5,1,1,2,They sound as if they have a price in mind that they will accept,4,4,4,3,1,4,4,4,4,2,4,4,2,0,,2,57,40,To gauge people's feeling's about another person based solely on a small bit of information about them,34.5776062,-117.1591949,-1,A2DHFZAZ66A5OR
R_2D2GdMJ5IeZ68aC,Default Response Set,Anonymous,,,47.39.9.132,0,6/25/2018 11:27,6/25/2018 11:33,1,Seller,1,1,3,2,1,1,7.099,13.153,39.74,3,1,0,0,8.013,0,,,,,,I'm willing to sell the phone for $100.,6.269,29.657,36.364,3,1,0,0,22.041,0,,,,1,"$100 is a really fair price, but I will take $95.",0,I don't think they would give me a fair amount.,2,5,4,2,6,5,3,2,They don't seem to care about the purchase.,3,3,3,3,2,3,5,3,3,2,2,2,1,1,,2,43,18,handling negotiations,43.20489502,-124.1220016,-1,A1LRJ4U04532TM
R_3DilKtUbRmKn30n,Default Response Set,Anonymous,,,95.107.224.138,0,6/25/2018 11:26,6/25/2018 11:33,1,Seller,1,1,3,2,1,1,42.748,42.748,55.651,1,1,0,0,8.007,0,,,,,,100,11.857,11.857,17.738,1,1,0,0,22.029,0,,,,1,95,1,to prove if he or she is ready to accept this offer,3,5,3,5,4,5,5,3,Neutral,3,3,3,2,2,2,2,1,2,2,2,2,1,1,,6,34,13,Dealing survey.,41.32749939,19.81889343,-1,A2CHKF2A6F4MIX
R_3lMjAhqjpilZEY2,Default Response Set,Anonymous,,,157.32.106.71,0,6/25/2018 11:30,6/25/2018 11:33,1,Buyer,1,1,3,2,1,1,0,0,22.035,0,1,0,0,8.052,0,100,1.16,15.946,26.481,2,,,,,,1,0,0,22.078,0,1,,,,99,1,he might decrease,1,1,1,7,7,1,1,7,He is competitive,6,7,7,7,7,6,6,6,5,6,6,7,3,1,,4,29,7,,23.03329468,72.61669922,-1,A30UE6DWFNUCWX
R_1r2FYL0ThXRrrkv,Default Response Set,Anonymous,,,68.47.41.174,0,6/25/2018 11:29,6/25/2018 11:33,1,Seller,1,1,3,2,1,1,0,0,21.606,0,1,0,0,8.094,0,,,,,,100,9.657,9.657,24.335,1,1,0,0,22.095,0,,,1,,I can sell it for you 100 and give you a free phone case ,1,because I like to keep to my word ,7,1,1,7,1,1,6,5,that my partner might change their mind ,6,6,6,6,6,6,6,5,6,5,5,5,5,1,,2,28,4,to see how well we communicate with someone else. ,44.97290039,-93.28730011,-1,A2RHE12CJSKCRE
R_SUinZH0WlVi1isp,Default Response Set,Anonymous,,,12.12.130.164,0,6/25/2018 11:26,6/25/2018 11:33,1,Seller,1,1,3,2,1,1,0,0,49.624,0,1,0,0,8.346,0,,,,,,100,23.072,42.36,65.58,6,1,0,0,22.829,0,,,,1,95,1,Ill give it one more shot,2,2,2,2,6,2,2,4,it was an honest response,3,4,4,4,5,5,4,4,5,3,4,4,2,0,,6,35,17,perceptions of negotiations,41.60440063,-87.88950348,-1,A1KFUXSVGSHL5Z
R_2xDaG8KO6BXyEE8,Default Response Set,Anonymous,,,108.208.8.167,0,6/25/2018 11:29,6/25/2018 11:34,1,Buyer,1,1,3,2,1,1,0,0,22.792,0,1,0,0,8.099,0,100,20.424,20.424,25.693,1,,,,,,1,0,0,22.045,0,,1,,,110,0,They do not seem to want to make a deal.,5,4,4,3,5,3,3,4,I guess I understand,4,4,4,3,3,3,3,4,4,2,2,2,1,1,,3,29,15,I'm unsure to be honest. Something about negotiating.,30.4730072,-89.1493988,-1,A3UPZ88FI1EJC
R_0NHwfXwByQiSngR,Default Response Set,Anonymous,,,68.226.96.200,0,6/25/2018 11:27,6/25/2018 11:34,1,Buyer,1,1,3,2,1,1,13.618,15.333,44.049,3,1,0,0,8.032,0,100,7.432,32.83,44.005,3,,,,,,1,0,0,22.107,0,1,,,,$100 is the most that I am willing to pay.,1,To see his/her response.,1,1,2,1,6,2,1,3,It was a normal response. They want more money for what they are selling. I don't blame them.,4,4,5,2,2,4,4,4,4,2,4,2,1,0,,3,47,28,Emotional reactions to financial negotiation. ,32.26860046,-111.0021973,-1,A62H1UZADLF7Q
R_1n1v2Se4kHBRPid,Default Response Set,Anonymous,,,68.35.27.130,0,6/25/2018 11:26,6/25/2018 11:34,1,Buyer,1,1,3,2,1,1,0,0,64.875,0,1,0,0,8.081,0,I am offering $100 for the iPhone 5,12.998,32.67,58.06,4,,,,,,1,0,0,22.014,0,1,,,,The average price for an unlocked iPhone 5 is $100. Is there anything special about this phone that warrants a $10 increase in price?,0,The person seems somewhat unreasonable. ,2,2,2,2,6,2,2,3,Seemed like the person was trying to take advantage of me in the situation.,4,4,3,2,2,2,2,2,3,2,2,2,2,0,,5,40,19,Determine how people handle negotiations. ,34.56219482,-86.51560211,-1,A4ZPIPBDO624H
R_TjaZycw7T1NqRG1,Default Response Set,Anonymous,,,70.119.76.37,0,6/25/2018 11:27,6/25/2018 11:34,1,Buyer,1,1,3,2,1,1,0,0,43.021,0,1,0,0,8.032,0,HEY I AM WONDERING IF YOULL TAKE 100.?,22.247,22.247,63.68,1,,,,,,1,0,0,22.103,0,1,,,,"YOU HAVE BEEN TRYING TO SALE THIS FOR A WHILE, I HAVE A 100 DOLLAR BILL RIGHT NOW WITH YOUR NAME ON IT",1,"I BELIEVE I CAN GET IT, I WOULD HAVE GONE LESS BUT YOU SAID FIRST OFFER THEM 100",2,1,1,4,7,1,1,4,HE WAS CLOSE TO WHAT I OFFERED AND WOULD HAVE DROPPED DOWN AFTER MY SECOND OFFER,5,4,5,4,3,2,6,7,6,6,6,4,2,0,,4,45,30,NO CLUE,33.03619385,-96.67120361,-1,A3N6552D8M4QW8
R_1C2TU0U5ui680Cv,Default Response Set,Anonymous,,,174.32.160.204,0,6/25/2018 11:26,6/25/2018 11:34,1,Seller,1,1,3,2,1,1,0,0,38.35,0,1,0,0,8.028,0,,,,,,"Hi, I am selling my iPhone 5 (16g) for $100",10.648,10.648,53.27,1,1,0,0,22.087,0,,,1,,"Sorry, $100 is the lowest I can go!  It is like new (no scratches) and works amazingly.",1,I think that I can get the $100 I want for the item.,1,1,1,1,7,1,1,4,It was just a plain (no emotion) response. ,4,4,4,4,4,4,4,4,4,3,4,4,1,1,,2,37,22,Judgments on a person you just met. ,37.75100708,-97.8219986,-1,A3DFMWYTKJ57L
R_3G2KQ8I4wm6pFCU,Default Response Set,Anonymous,,,66.160.199.47,0,6/25/2018 11:34,6/25/2018 11:34,1,,1,1,3,3,,,,,,,,,,,,,,,,,,,,,,,,,,,,,,,,,,,,,,,,,,,,,,,,,,,,,,,,,,,,,,40.71429443,-74.0059967,-1,Not Found
R_25AErouUbNXbN63,Default Response Set,Anonymous,,,73.9.54.164,0,6/25/2018 11:27,6/25/2018 11:34,1,Buyer,1,1,3,2,1,1,9.529,14.99,47.998,2,1,0,0,8.043,0,I would like to purchase this phone for $100.00,2.094,4.794,59.243,2,,,,,,1,0,0,22.022,0,,1,,,How about $105.00,1,I want the phone and at a good price.,1,1,1,1,7,1,1,5,He wants more money but willing to negotiate.,5,5,6,1,1,2,6,6,6,3,5,3,1,1,,2,55,30,How much you trust a stranger in a business transaction.,42.33340454,-88.26679993,-1,AWY6W20U8H3JA
R_ZgTqlGqUbeNwOiJ,Default Response Set,Anonymous,,,71.120.142.33,0,6/25/2018 11:26,6/25/2018 11:35,1,Buyer,1,1,3,2,1,1,0,0,50.741,0,1,0,0,8.037,0,90,16.857,38.875,42.809,2,,,,,,1,0,0,22.1,0,,1,,,95,1,Want to negotiate,4,4,4,4,7,4,4,3,Nonchalant. I think I he doesn't want to sell at the offered price.,4,4,4,4,4,4,4,5,5,4,4,4,3,0,,6,41,18,Not sure.,37.05709839,-76.4618988,-1,ASDOYPL3T2CFL
R_DkFsB3YZWhEw8Zr,Default Response Set,Anonymous,,,173.239.240.108,0,6/25/2018 11:30,6/25/2018 11:35,1,Seller,1,1,3,2,1,1,2.071,17.083,51.517,6,1,0,0,8.071,0,,,,,,100,2.38,11.488,16.209,6,1,0,0,22.048,0,,,,1,90,1,I want to see how low this person is going to go.,1,1,1,1,7,1,1,3,I kind of expected that to happen.,5,7,6,6,7,6,5,3,4,2,5,2,4,1,,2,23,4,I don't know.,41.84829712,-87.65170288,-1,A1Y689M29Q274B
R_2fcVPp6ujTn4KQd,Default Response Set,Anonymous,,,173.244.44.98,0,6/25/2018 11:31,6/25/2018 11:35,1,Seller,1,1,3,2,1,1,0,0,29.254,0,1,0,0,8.038,0,,,,,,"Hey, I have an almost new iphone. I'll have a few other bids, but can let it go for $100.",1.803,1.803,33.549,1,1,0,0,23.105,0,,,,1,"No, I have already come down to my lowest of $100.",0,Because I don't think they are willing to negotiate at all.,1,1,1,1,5,1,1,2,They didn't give me much room for moving.,2,2,2,1,2,1,1,3,2,1,1,1,1,1,,3,27,9,,47.60620117,-122.3320999,-1,A3VIQ9XPOYB8K6
R_s6aA0JadBWNQS2t,Default Response Set,Anonymous,,,68.63.166.178,0,6/25/2018 11:28,6/25/2018 11:35,1,Seller,1,1,3,2,1,1,0,0,59.027,0,1,0,0,8.017,0,,,,,,100,10.447,30.457,35.134,6,1,0,0,22.106,0,,,,1,75,1,because i want to sell the phone,2,1,1,1,7,1,1,4,annoyed because i know what the phone is worth and hes trying to be cheap,4,4,4,2,2,6,6,4,6,2,2,2,1,1,,2,30,4,to get different opinins,35.97180176,-83.90039825,-1,A29WHPBW1R07CT
R_3oLvuDEUXNRxl9j,Default Response Set,Anonymous,,,45.47.130.124,0,6/25/2018 11:26,6/25/2018 11:35,1,Seller,1,1,3,2,1,1,2.113,4.371,21.371,2,1,2.501,6.828,8.071,3,,,,,,100,29.865,33.318,36.64,3,1,0,0,23.003,0,,,1,,"The average price of an unlocked iPhone 5 is 100, but I think I'd like to accept 90. ",1,"I think that 90 isn't an unfair offer, so I would be willing to work with them. ",2,2,2,2,7,2,2,4,It just seems very common and neutral. There's no emotion in it at all.,2,2,3,2,3,3,5,3,3,2,2,3,2,1,,5,26,5,I'm not sure. ,43.05349731,-73.75170135,-1,A1LB9JOMFQ1UMG
R_2DY8sRLecfIbgvX,Default Response Set,Anonymous,,,24.181.213.246,0,6/25/2018 11:31,6/25/2018 11:36,1,Buyer,1,1,3,2,1,1,0,0,22.7,0,1,0,0,8.092,0,100,16.432,16.432,23.587,1,,,,,,1,0,0,22.022,0,1,,,,I can't offer more than $100 right now.,0,Won't likely budge,2,2,2,1,6,1,1,4,He has a goal.,4,4,4,4,1,2,2,2,4,1,1,4,1,1,,5,27,3,,35.58999634,-82.55809784,-1,AYFOAD75CRBKE
R_3nSmiNn3QAl5KV9,Default Response Set,Anonymous,,,66.160.199.47,0,6/25/2018 11:34,6/25/2018 11:36,1,,1,1,5,2,,,,,,,,,,,,,,,,,,,,,,,,,,,,,,,,,,,,,,,,,,,,,,,,,,,,,,,,,,,,,,40.71429443,-74.0059967,-1,Not Found
R_1LtcgiEa7cdDQ1Q,Default Response Set,Anonymous,,,98.209.27.109,0,6/25/2018 11:32,6/25/2018 11:37,1,Buyer,1,1,3,2,1,1,11.782,19.533,31.862,5,1,2.297,2.297,8.193,1,100,30.988,30.988,39.395,1,,,,,,1,0,0,22.975,0,1,,,,"I am only willing to offer $100, because that is the average price",1,I think they might lower the price a little,2,2,4,2,5,2,2,2,I think it seems like a normal response,4,4,4,3,3,4,4,4,4,2,3,3,2,1,,4,24,2,Negotiating with a partner,42.98880005,-85.4641037,-1,APGX2WZ59OWDN
R_27j7YkHChc5Y3uu,Default Response Set,Anonymous,,,97.115.195.207,0,6/25/2018 11:27,6/25/2018 11:37,1,Buyer,1,1,3,2,1,1,2.687,92.502,137.81,2,1,3.294,4.406,8.085,2,I would like to buy it for $100.,8.495,136.663,165.433,5,,,,,,1,0,0,22.1,0,1,,,,That is fine with me.  $110 it is! :),1,I have no reason not to.,1,1,1,1,7,1,1,4,none really,4,4,4,1,2,4,2,2,4,1,4,2,1,0,,2,51,31,no idea,45.4763031,-122.6408005,-1,A1YGENVE7OI5JL
R_3RykCk9tBp8mfzK,Default Response Set,Anonymous,,,68.235.36.122,0,6/25/2018 11:31,6/25/2018 11:37,1,Seller,1,1,3,2,1,1,0,0,32.777,0,1,0,0,8.013,0,,,,,,120,22.268,22.268,26.449,1,1,0,0,22.023,0,,,,1,99,1,good to sell,5,7,6,5,5,6,6,6,good,6,6,6,7,6,6,7,6,7,6,5,7,5,0,,4,32,6,iphone 5s selling,41.76060486,-88.32009888,-1,A2HEZCJ1DMZAAX
R_4MGUIbKD784mIAF,Default Response Set,Anonymous,,,73.126.19.239,0,6/25/2018 11:28,6/25/2018 11:37,1,Seller,1,1,3,2,1,1,1.078,63.766,67.557,5,1,0,0,8.092,0,,,,,,"I think $100 is fair, what do you think?",39.542,52.395,63.063,13,1,0,0,22.033,0,,,1,,How about we meet in the middle at $95?,1,Their counteroffer seems reasonable. I think we can come to an agreement.,3,2,3,2,5,2,2,3,It seemed reasonable. They seemed to be thinking logically.,4,5,4,4,3,4,5,4,5,3,4,3,3,0,,5,28,12,Unsure.,42.75050354,-71.00930023,-1,A149ROBL26JWPJ
R_1ie8BUiq1xGXfpO,Default Response Set,Anonymous,,,96.244.3.17,0,6/25/2018 11:30,6/25/2018 11:37,1,Buyer,1,1,3,2,1,1,15.262,15.262,28.819,1,1,0,0,8.042,0,100,7.908,7.908,101.444,1,,,,,,1,0,0,22.092,0,1,,,,100,1,I can break him.,2,1,2,7,4,1,2,4,I thought it was good negotiation.,6,5,7,4,5,6,5,6,6,6,5,6,5,0,,5,27,4,It was a negotiation study.,39.26939392,-76.74469757,-1,A1W4Q0E00VP6VD
R_DemVpyxnC6zXGpj,Default Response Set,Anonymous,,,78.176.112.204,0,6/25/2018 11:27,6/25/2018 11:37,1,Seller,1,1,3,2,1,1,38.72,136.703,138.846,4,1,0,0,8.09,0,,,,,,"I am sorry but I cannot go below than 100, this is my final offer!",19.716,43.724,68.244,5,1,0,0,22.078,0,,,,1,but I told you I literally cannot go below than 100!,1,at least for one more turn i would like to see his response,2,2,1,5,5,1,2,2,"it was a short response, I would to like have more conversation with him but he sounded like a tough buyer",3,3,4,3,4,5,4,5,5,3,3,3,4,0,,6,34,8,no idea,41.01860046,28.96470642,-1,ACGZDI611LU0I
R_3IZ8yV8tFGGoKjd,Default Response Set,Anonymous,,,157.182.121.252,0,6/25/2018 11:26,6/25/2018 11:37,1,Buyer,1,1,3,2,1,1,2.098,149.472,152.163,3,1,1.294,3.688,8.386,2,100,204.693,204.693,212.199,1,,,,,,1,0,0,23.036,0,1,,,,105,1,I think we can reach an agreement.,2,2,2,2,7,2,2,2,It seems like they are just trying to get the most for themselves.,3,3,3,2,2,3,4,3,4,2,2,2,1,1,,5,26,5,I don't know.,39.64559937,-79.94329834,-1,A1ZZ7YO3YASNIP
R_2UXGUJxK6bqfhVP,Default Response Set,Anonymous,,,65.129.37.5,0,6/25/2018 11:26,6/25/2018 11:37,1,Seller,1,1,3,2,1,1,0,0,76.104,0,1,0,0,8.004,0,,,,,,I'm willing to sell the phone for $100,11.959,11.959,90.085,1,1,0,0,22.045,0,,,,1,"OK, $90 is the best I can do.",1,"His response was direct, but not rude.",1,1,1,1,6,1,1,2,"direst, but not rude. probably a challenging sell, but open to a reasonable price.",3,3,3,2,2,4,5,4,4,1,3,2,2,1,,5,49,32,unsure -- testing effects of interaction on decision making?,43.63200378,-116.2837982,-1,Not Found
R_BtRcUcPMdAr9gVH,Default Response Set,Anonymous,,,24.180.105.84,0,6/25/2018 11:34,6/25/2018 11:38,1,Seller,1,1,3,2,1,1,0,0,32.54,0,1,0,0,8.091,0,,,,,,$100 ,3.161,9.486,16.81,4,1,0,0,22.063,0,,,,1,I will do my best to try and reach a deal.,1,I want to try and reach a deal.,1,1,1,7,1,1,1,7,I think it is very fair.,7,7,7,7,7,7,7,7,7,7,7,7,3,0,,2,26,8,No idea.,43.60710144,-83.77819824,-1,A2XUADP5L61HQ5
R_57NFaNYQuIbL48F,Default Response Set,Anonymous,,,104.35.170.65,0,6/25/2018 11:31,6/25/2018 11:38,1,Buyer,1,1,3,2,1,1,6.087,12.089,24.413,2,1,0,0,8.068,0,100,25.853,33.623,46.654,2,,,,,,1,0,0,22.092,0,1,,,,My counteroffer is 105.00,1,because I want to try and get the best price possible,2,2,2,2,6,2,2,2,my partner's response is understandable and acceptable,4,4,4,5,5,4,5,5,5,3,5,5,1,1,,2,54,33,dont know,34.15390015,-117.9918976,-1,A19L8SNH73AX1Z
R_pAcSn4ddUYhFQfD,Default Response Set,Anonymous,,,108.64.75.194,0,6/25/2018 11:27,6/25/2018 11:38,1,Buyer,1,1,3,2,1,1,2.075,7.061,273.234,10,1,0,0,8.075,0,100,2.947,2.947,15.885,1,,,,,,1,0,0,22.987,0,1,,,,105,1,I want the best price,6,5,5,2,6,2,6,2,He's just out for himself,2,2,2,2,2,2,2,3,3,2,2,1,1,1,,5,34,15,negotiating.,38.11289978,-122.1331024,-1,AJRY9ALX8069Y
R_2bT2vwnux2xKEnD,Default Response Set,Anonymous,,,73.1.68.70,0,6/25/2018 11:28,6/25/2018 11:38,1,Seller,1,1,3,2,1,1,0,0,239.946,0,1,0,0,8.114,0,,,,,,i'm offering the phone for $100,28.224,34.938,59.882,2,1,0,0,22.018,0,,,1,,"That is fine $100 is the lowest i'm usually willing to go, what about $95?",1,i want to see their response,4,1,1,1,7,1,1,4,That they were somewhat reasonable,4,4,4,4,4,4,4,4,4,2,4,4,1,0,,1,27,2,to see how well i connected with the person i was negotiating with,26.45410156,-80.10410309,-1,A3L2FPKRD46FRW
R_AHHcHhdj1DkqnvP,Default Response Set,Anonymous,,,174.48.47.40,0,6/25/2018 11:32,6/25/2018 11:39,1,Seller,1,1,3,2,1,1,0,0,28.821,0,1,0,0,8.09,0,,,,,,"Hi! I have an iPhone 5 available for purchase, I'm asking $100 for it. ",13.524,146.673,166.337,4,1,0,0,22.764,0,,,,1,"I can go lower, but I won't take less than $85 for it. ",0,I don't think they'll accept any offer. ,7,7,7,7,1,7,7,2,"Stubborn, probably wouldn't have budged. ",4,4,4,3,3,3,3,3,3,1,1,1,1,1,,2,24,4,How people perceive someone for accepting or denying their offer. ,27.07749939,-80.25869751,-1,A3TF0TA67EBKBE
R_bduwxnUOCdTApnX,Default Response Set,Anonymous,,,75.161.41.219,0,6/25/2018 11:33,6/25/2018 11:39,1,Buyer,1,1,3,2,1,1,0,0,30.586,0,1,0,0,8.139,0,$100.00 ,28.512,28.512,42.524,1,,,,,,1,0,0,22.062,0,,1,,,Going rate for an unlocked iPhone 5 is $100.00. What is it that your phone has that makes it worth more than the going rate? ,1,I would like to give them the opportunity to tell me why their phone is worth more than the standard going rate.,2,2,2,2,6,2,2,2,"I would like for them to hav etold me why they want more money, or come back with a counter offer.",4,4,4,4,4,4,4,4,4,2,4,4,1,1,,3,40,25,To determine how we see a person just based on limited information in a business deal?,35.14450073,-106.6446991,-1,A2LI0QVPKA5CG8
R_2ccO74OJ19jfW4s,Default Response Set,Anonymous,,,47.185.14.2,0,6/25/2018 11:29,6/25/2018 11:39,1,Buyer,1,1,3,2,1,1,0,0,21.446,0,1,0,0,8.065,0,100,6.948,6.948,16.846,1,,,,,,1,0,0,22.441,0,,1,,,100,0,they want more than I am willing to pay,1,1,1,1,7,1,1,2,Nothing,2,2,2,1,1,1,1,1,1,1,1,1,1,1,,4,30,14,I do not know,32.93460083,-97.25170135,-1,ARLGZWN6W91WD
R_3hzkIVviYOLqLfC,Default Response Set,Anonymous,,,75.187.69.219,0,6/25/2018 11:35,6/25/2018 11:40,1,Seller,1,1,3,2,1,1,0,0,22.418,0,1,0,0,8.933,0,,,,,,100,3.216,5.959,20.657,2,1,0,0,22.018,0,,,,1,Okay. How about $97?,1,Because I might have to drop the price a little but will still get a sale.,1,1,1,1,6,1,1,2,It was predictable and very neutral.,5,5,5,5,5,6,5,4,5,3,5,5,2,1,,5,30,10,To see if a person trusts their partner in an online study,39.47920227,-84.71299744,-1,ANVAFB99K5RKP
R_8zR4YaJTcY1BWY9,Default Response Set,Anonymous,,,12.236.18.52,0,6/25/2018 11:26,6/25/2018 11:40,1,Buyer,1,1,3,2,1,1,5.866,9.838,23.418,2,1,4.059,5.685,8.118,2,100,679.972,724.048,725.632,2,,,,,,1,0,0,22.094,0,1,,,,100,0,I think this partner is trying to overcharge me and I would try a different one who is more motivated,3,3,6,3,3,5,2,4,I think my partner is very business savvy and aggressive,3,3,3,3,2,2,3,2,2,3,3,3,2,0,,4,33,8,to understand our willingness to compromise on business offers ,35.61889648,-120.7668991,-1,ASIULWA5R4JYU
R_zdPSfnnfHnXCq0p,Default Response Set,Anonymous,,,184.155.48.221,0,6/25/2018 11:37,6/25/2018 11:40,1,Seller,1,1,3,2,1,1,2.679,20.431,22.15,2,1,0,0,8.09,0,,,,,,100,15.495,15.495,16.68,1,1,0,0,22.023,0,,,,1,90,1,I want to sell the phone,1,7,7,7,1,7,7,3,not easily swayed,1,1,1,1,1,1,1,1,1,1,1,1,1,1,,4,42,21,,33.43409729,-88.35649872,-1,A3A8P4UR9A0DWQ
R_3KK2RYDOS0izJfQ,Default Response Set,Anonymous,,,185.230.126.99,0,6/25/2018 11:29,6/25/2018 11:41,1,Buyer,1,1,3,2,1,1,0,0,49.908,0,1,0,0,8.072,0,89,89.581,89.581,96.878,1,,,,,,1,21.393,21.393,22.103,1,,1,,,94,1,Like to see how fair he/she is willing to go,7,7,7,7,3,7,7,2,rather robotic or neutral but polite.,5,4,5,6,5,6,6,6,6,6,6,6,1,0,,2,54,25,How much would you trust someone you are buying from.,34.0493927,-118.2640991,-1,AKJ22H1NTVIQX
R_2xM2pgrGDY9j3DX,Default Response Set,Anonymous,,,73.237.17.160,0,6/25/2018 11:33,6/25/2018 11:41,1,Seller,1,1,3,2,1,1,0,0,22.927,0,1,0,0,8.106,0,,,,,,100.00 for a used Iphone 5 in great condition,8.366,8.366,35.146,1,1,0,0,22.65,0,,,,1,The phone is in great condition. I could knock off 10 dollars. How about 90.00,1,I want to try and sell the phone,5,2,2,2,5,2,2,4,They could have offered more of a reason why 100 was not acceptable,3,3,4,4,2,3,4,4,4,3,3,4,3,1,,4,43,26,How well people negotiate with strangers and the impressions they get,34.25770569,-84.49210358,-1,A3CYV47MM7OA6M
R_26m3HfEgquRLQrU,Default Response Set,Anonymous,,,24.177.94.61,0,6/25/2018 11:39,6/25/2018 11:43,1,Buyer,1,1,3,2,1,1,0,0,21.404,0,1,0,0,8.902,0,75,8.563,8.563,16.484,1,,,,,,1,0,0,22.852,0,,1,,,85,1,It's bartering you don't just give up.,1,1,1,1,7,1,1,4,It's typical.,4,4,4,2,2,2,2,4,4,2,2,2,1,0,,2,28,6,A negotiation and my perception of an individual based on extremely limited information.,44.7454071,-73.46279907,-1,A22JBMOHQKHTSS
R_2OIQsJ6V0qORHkf,Default Response Set,Anonymous,,,71.112.137.52,0,6/25/2018 11:36,6/25/2018 11:43,1,Seller,1,1,3,2,1,1,0,0,30.329,0,1,0,0,8.114,0,,,,,,100,15.353,15.353,24.01,1,1,0,0,22.065,0,,,1,,100 is my final offer,1,because maybe I can convince them why I have it at 100,1,1,4,1,5,4,1,1,he is trying to save money and is seeing if he can. I am neutral about them,2,1,2,1,1,1,1,2,3,1,2,1,1,1,,3,34,5,to see if I can convince someone to buy an iphone for 100,41.23500061,-80.49710083,-1,A1TLNLB9D87H6
R_2eVjlaOhPcZjdzh,Default Response Set,Anonymous,,,66.160.199.47,0,6/25/2018 11:36,6/25/2018 11:43,1,Buyer,1,1,3,2,1,1,17.355,18.085,52.185,2,1,0,0,8.013,0,100,21.939,21.939,39.606,1,,,,,,1,0,0,22.605,0,1,,,,great deal the iPhone is yours,0,because we have already agreed on the price,6,6,6,6,6,5,5,6,he is a good buss dealer,4,4,4,5,5,5,5,5,5,5,4,5,7,0,,6,30,5,business negotiations ,40.71429443,-74.0059967,-1,AKB82TCYUECWD
R_2xRXCnxVXfZjcDy,Default Response Set,Anonymous,,,136.61.83.179,0,6/25/2018 11:29,6/25/2018 11:44,1,Seller,1,1,3,2,1,1,169.25,169.554,172.701,2,1,4.856,5.382,8.012,2,,,,,,100,88.404,99.427,137.516,4,1,0,0,22.038,0,,,,1,The offer is $100. I won't go lower.,1,To see if they agree.,1,1,1,1,7,1,1,4,It was just a straightforward response.,4,4,4,1,1,4,4,4,4,1,4,4,1,0,,2,30,10,I don't know.,39.10679626,-94.56600189,-1,A3G6L97AX9KR7F
R_bmGJbtyev8MEcI9,Default Response Set,Anonymous,,,75.191.150.215,0,6/25/2018 11:38,6/25/2018 11:44,1,Seller,1,1,3,2,1,1,0,0,113.013,0,1,2.271,2.271,8.067,1,,,,,,$100 ,9.281,9.281,18.509,1,1,0,0,22.066,0,,,1,,I can do 95,1,I would go down a little bit,1,1,1,1,7,1,1,4,They don't really care,2,2,2,1,1,1,4,4,4,1,1,1,1,1,,2,34,16,To evaluate how I felt about someone based on a negotiation. ,36.01620483,-80.04340363,-1,A1JDE05XZK1E33
R_3s63y4frHyIfIbB,Default Response Set,Anonymous,,,73.123.64.13,0,6/25/2018 11:39,6/25/2018 11:44,1,Buyer,1,1,3,2,1,1,0,0,34.025,0,1,0,0,8.332,0,100,14.791,14.791,23.303,1,,,,,,1,0,0,22.808,0,1,,,,105,1,I don't see why I shouldn't,1,1,1,1,7,1,1,2,Seems like a normal enough response.,4,4,4,4,4,4,4,5,5,2,4,4,3,0,,2,31,13,I don't know.,41.55149841,-72.99269867,-1,A3GIIL73GE2CBQ
R_1Ck0ysBr2S8GPJF,Default Response Set,Anonymous,,,108.208.234.104,0,6/25/2018 11:38,6/25/2018 11:44,1,Seller,1,1,3,2,1,1,0,0,28.574,0,1,0,0,8.107,0,,,,,,I would like to sell this phone for $100,1.979,1.979,44.741,1,1,0,0,22.045,0,,,1,,I really think the phone is worth $100. How about $95?,1,I think we can come to a reasonable agreement.,2,2,2,2,5,4,2,2,"I thought my partner seemed unwilling to settle on my original price, but might be willing to negotiate for a fair price.",3,4,4,2,2,3,3,3,4,2,3,3,1,1,,5,39,15,To see how I feel about my partner based on the response to this negotiation.,36.97129822,-121.9875031,-1,A3KIBR0RYVLOJF
R_tKRM9quZ0zTOokF,Default Response Set,Anonymous,,,104.129.131.193,0,6/25/2018 11:42,6/25/2018 11:44,1,,1,1,1,2,,,,,,,,,,,,,,,,,,,,,,,,,,,,,,,,,,,,,,,,,,,,,,,,,,,,,,,,,,,,,,33.02000427,-96.74189758,-1,Not Found
R_1CjZDrCffvBfVEc,Default Response Set,Anonymous,,,72.80.116.19,0,6/25/2018 11:38,6/25/2018 11:45,1,Buyer,1,1,3,2,1,1,2.93,18.416,73.317,3,1,0,0,8.032,0,100,61.901,62.612,69.008,2,,,,,,1,0,0,22.022,0,1,,,,105,1,I want to see whether or not the person is willing to actually negotiate or if they will stay firm with their counter-offer,1,2,1,1,7,1,1,1,It seemed to be a neutral response,4,4,5,1,1,4,4,4,5,1,4,2,1,0,,5,32,10,Uncertain. Not sure how you expect people to form impressions of somebody based off a single sentence.,40.57670593,-73.98999786,-1,A2G7N0X0PNX0EE
R_2TMGNHzHTjlfcmE,Default Response Set,Anonymous,,,71.86.170.186,0,6/25/2018 11:42,6/25/2018 11:46,1,Buyer,1,1,3,2,1,1,0,0,23.388,0,1,0,0,8.09,0,i'll buy it for 100 dollars,11.055,11.055,27.551,1,,,,,,1,0,0,22.048,0,1,,,,split the difference? 105,1,They did not go too far over my initial offer,1,1,1,1,6,1,1,4,it was very unemotional.,4,4,4,3,3,4,4,4,5,2,2,2,2,0,,5,30,8,to see how people negotiate and feel about their negotiation partner.,42.80479431,-88.7071991,-1,AE608VRXK6M2E
R_4UTdwKWMBKRZPQl,Default Response Set,Anonymous,,,76.5.162.137,0,6/25/2018 11:41,6/25/2018 11:47,1,Seller,1,1,3,2,1,1,0,0,24.275,0,1,0,0,8.041,0,,,,,,$100 ,17.587,17.587,25.222,1,1,0,0,22.048,0,,,,1,I think this is a fair offer and the phone is in good condition. ,1,I think I can persuade them that this is a fair price and they are unlikely to find better.,2,2,2,2,6,2,2,1,It was a pretty stock response; everyone wants to try to get a lower price. It would have been more persuasive if they gave a reason though.,4,4,4,3,3,4,5,4,4,2,4,4,1,1,,5,43,21,To see how we read into a person's overall personality based on their business (negotiation) attitude/actions?,35.92160034,-77.73149872,-1,A2ONILC0LZKG6Y
R_1IKMH2A7uk0mjlG,Default Response Set,Anonymous,,,98.214.56.251,0,6/25/2018 11:47,6/25/2018 11:47,1,,1,1,2,3,,,,,,,,,,,,,,,,,,,,,,,,,,,,,,,,,,,,,,,,,,,,,,,,,,,,,,,,,,,,,,40.12910461,-89.3640976,-1,Not Found
R_1mynHf7xvx8h21v,Default Response Set,Anonymous,,,98.214.56.251,0,6/25/2018 11:47,6/25/2018 11:47,1,,1,1,1,1,,,,,,,,,,,,,,,,,,,,,,,,,,,,,,,,,,,,,,,,,,,,,,,,,,,,,,,,,,,,,,40.12910461,-89.3640976,-1,Not Found
R_2v80nxzy0eQyPBG,Default Response Set,Anonymous,,,98.214.56.251,0,6/25/2018 11:47,6/25/2018 11:47,1,,1,1,2,2,,,,,,,,,,,,,,,,,,,,,,,,,,,,,,,,,,,,,,,,,,,,,,,,,,,,,,,,,,,,,,40.12910461,-89.3640976,-1,Not Found
R_2D14921MXR8IouK,Default Response Set,Anonymous,,,98.214.56.251,8,6/25/2018 11:48,6/25/2018 11:48,1,,1,1,2,2,,,,,,,,,,,,,,,,,,,,,,,,,,,,,,,,,,,,,,,,,,,,,,,,,,,,,,,,,,,,,,40.12910461,-89.3640976,-1,Not Found
R_3KwHDaJDfktRB15,Default Response Set,Anonymous,,,76.27.28.176,0,6/25/2018 11:44,6/25/2018 11:48,1,Seller,1,1,3,2,1,1,0,0,21.333,0,1,0,0,8.062,0,,,,,,I will sell this iphone5 for 100 dollars.,22.53,22.53,46.695,1,1,0,0,22.008,0,,,1,,Understandable. I think we can agree on 95 then?,1,Haggling seems reasonable.,2,2,2,2,7,2,2,5,"Completely neutral, which is a good position in bargaining.",4,4,4,4,4,3,3,1,4,2,2,2,1,1,,5,34,12,Unsure,40.65829468,-111.9231033,-1,A1ICXZVLIZM6IF
R_r2PnxLyuHKXy4E1,Default Response Set,Anonymous,,,104.129.131.193,8,6/25/2018 11:45,6/25/2018 11:50,1,,1,1,1,2,,,,,,,,,,,,,,,,,,,,,,,,,,,,,,,,,,,,,,,,,,,,,,,,,,,,,,,,,,,,,,33.02000427,-96.74189758,-1,Not Found
R_1Nzdbj1gsoec2Q2,Default Response Set,Anonymous,,,12.230.214.50,0,6/25/2018 11:37,6/25/2018 11:50,1,Buyer,1,1,3,2,1,1,26.857,28.617,35.623,2,1,0,0,8.082,0,$100 ,41.65,41.65,45.813,1,,,,,,1,0,0,22.049,0,,1,,,I can not go any higher than $100.,1,To try to get the price I want for the iphone.,2,2,2,2,2,2,2,2,They did not seem thrilled with the $100 offer I made.,4,4,4,4,4,4,4,4,4,2,4,4,1,0,,5,30,7,I am not sure the purpose of this study.,33.9875946,-84.64659882,-1,A3FJSCZLT0F0WY
R_85JXe5HAMeWjjEt,Default Response Set,Anonymous,,,98.214.56.251,0,6/25/2018 11:48,6/25/2018 11:50,1,Seller,1,1,3,2,1,1,0,0,21.187,0,1,0,0,8.048,0,,,,,,50,1.095,1.105,16.412,2,1,0,0,22.096,0,,,1,,My decision made sense with the details of the circumstances for me.  I am glad with my decision.  I think it works well with my life.,0,My decision made sense with the details of the circumstances for me.  I am glad with my decision.  I think it works well with my life.,4,4,4,7,7,5,7,4,They're response is normal.  I decide to be ok with them.  My decision made sense with the details of the circumstances for me.  I am glad with my decision.  I think it works well with my life.,3,4,4,5,4,1,5,4,4,5,6,4,3,0,,4,35,10,I enjoyed taking this survey.,40.12910461,-89.3640976,-1,AY4B7SUM68J3G
R_3hruM520MJD4oSv,Default Response Set,Anonymous,,,97.95.91.72,0,6/25/2018 11:47,6/25/2018 11:50,1,Buyer,1,1,3,2,1,1,1.297,14.908,21.47,11,1,0,0,8.104,0,100,2.182,25.522,26.15,4,,,,,,1,0.622,6.765,22.054,8,1,,,,100,1,I think I can get them to go down on price,2,2,2,2,6,2,2,4,Seemed to not care,4,4,4,3,2,3,5,4,4,3,4,3,1,0,,2,24,6,not sure,46.4822998,-90.15399933,-1,A1ZD8RU6YB0VEU
R_2triaTCjytlyO9N,Default Response Set,Anonymous,,,71.76.45.168,0,6/25/2018 11:48,6/25/2018 11:51,1,Buyer,1,1,3,2,1,1,18.366,21.91,22.289,6,1,0.691,3.198,8.068,3,100,1.118,15.789,15.926,4,,,,,,1,0,0,22.018,0,,1,,,"Well that's a fair price, so accept it.",0,He's a useless dick,1,1,1,1,7,1,1,2,Useless.,1,1,1,1,1,1,1,1,1,1,1,1,1,0,,5,29,12,Idk,34.2124939,-79.82060242,-1,A3PVIRB9JTIZHJ
R_2qEty5qAb93qOif,Default Response Set,Anonymous,,,76.23.61.247,0,6/25/2018 11:42,6/25/2018 11:51,1,Buyer,1,1,3,2,1,1,0,0,52.671,0,1,0,0,8.065,0,I'm offering $100,17.745,17.745,43.626,1,,,,,,1,0,0,22.028,0,1,,,,$100 is the best I can do,1,He may consider my offer more seriously,5,1,2,1,7,2,1,2,I'm thinking it was kind of dumb for him to not take my offer when he's only asking $10 more,2,2,2,2,2,1,3,3,3,2,2,2,2,1,,2,48,15,To see how agreeable people are...to see how willing people are to compromise with each other.,40.58700562,-111.9878006,-1,A2W3I2GBGDB637
R_2e3I3TO7kyJibj5,Default Response Set,Anonymous,,,71.227.121.46,0,6/25/2018 11:39,6/25/2018 11:51,1,Buyer,1,1,3,2,1,1,0,0,517.907,0,1,0,0,8.021,0,100,60.909,60.909,63.81,1,,,,,,1,0,0,22.023,0,,1,,,90,1,"Don't see any reason why not, I didn't expect my first offer to be accepted anyway",7,7,7,7,1,7,7,2,It seemed firm but at least it didn't beat around the bush at all,2,3,3,2,3,7,7,4,5,1,3,4,3,1,,5,31,11,,42.21960449,-83.604599,-1,A36SM7QM8OK3H6
R_x010deb0bKzqd7r,Default Response Set,Anonymous,,,24.130.232.222,0,6/25/2018 11:48,6/25/2018 11:52,1,Seller,1,1,3,2,1,1,17.908,18.474,25.094,2,1,0,0,8.013,0,,,,,,100,6.597,36.4,37.418,6,1,11.275,11.275,22.07,1,,,1,,95,1,i can squeeze a couple more bucks out of him,1,1,1,1,7,1,1,4,"it's fair, but i think he can do better",4,4,5,1,2,1,1,4,4,1,5,2,1,0,,4,34,17,see how much you like someone based on their initial haggling skills,37.42990112,-121.7783051,-1,A1YSYI926BBOHW
R_1156aNMIkp3vTaB,Default Response Set,Anonymous,,,172.78.64.33,0,6/25/2018 11:44,6/25/2018 11:53,1,Seller,1,1,3,2,1,1,17.694,17.694,25.056,1,1,0,0,8.083,0,,,,,,Unlocked iPhone 5 good condition $100,10.156,27.808,74.801,2,1,0,0,22.019,0,,,1,,I'm pretty sure I can get $100 out of the sale of this phone pretty easily so I'm going to have to stick with $100 as my offer.,1,They haven't been unreasonable yet.,1,1,1,1,7,1,1,4,They seem to just be hoping I'm desperate to sell and any offer will do.,4,4,4,4,4,4,4,3,4,2,4,4,1,0,,5,32,7,How someone's response to a sale offer affects out opinion of them.,40.31489563,-86.89080048,-1,A1XTU3TVLXMKK1
R_2aRLCIRyqVYlBjW,Default Response Set,Anonymous,,,108.29.64.68,0,6/25/2018 11:47,6/25/2018 11:53,1,Seller,1,1,3,2,1,1,11.901,11.901,18.93,1,1,0,0,4.279,0,,,,,,100,3.672,11.398,16.378,2,1,0,0,4.508,0,,,,1,The lowest I will go is 90,1,They weren't particularly rude,2,2,2,2,6,2,2,2,It was not nice but not rude. ,2,3,3,3,4,4,4,3,4,2,4,4,1,1,,4,30,4,On negotiation,40.62339783,-74.02880096,-1,A3GPTSDDHJ2DBV
R_9t8cKYs0jdn4m6B,Default Response Set,Anonymous,,,135.84.220.110,0,6/25/2018 11:51,6/25/2018 11:55,1,Seller,1,1,3,2,1,1,0,0,23.749,0,1,0,0,8.02,0,,,,,,100,6.714,12.001,16.979,2,1,0,0,22.035,0,,,,1,95,1,I need to sell my phone,1,1,1,1,7,1,1,3,They might try to buy it cheap to sell it themselves for a profit.,3,4,3,1,2,3,4,2,2,1,4,2,1,0,,2,25,2,To see our opinions n a response to us trying to sell an item.,40.49909973,-97.60540009,-1,A1WY3YGT618GC0
R_1FnWv8tfLATntBn,Default Response Set,Anonymous,,,68.111.198.189,0,6/25/2018 11:50,6/25/2018 11:55,1,Seller,1,1,3,2,1,1,0,0,28.147,0,1,0,0,8.03,0,,,,,,100,10.53,17.447,24.319,2,1,0,0,22.009,0,,,1,,95,1,They were pretty close to my offer.,4,4,4,4,7,4,4,3,It seemed pretty neutral.,4,4,4,2,2,2,4,4,4,1,4,2,1,1,,5,46,25,To see what people's impressions were of a person based on a few words.,33.09100342,-116.9416046,-1,A3RCX3IQ8L6HHW
R_41o6Nod5VjOvkat,Default Response Set,Anonymous,,,104.128.136.52,0,6/25/2018 11:47,6/25/2018 11:55,1,Seller,1,1,3,2,1,1,0,0,32.159,0,1,0,0,8.086,0,,,,,,I won't take less than $100. It's in excellent condition.,15.182,15.182,49.253,1,1,0,0,22.048,0,,,,1,The price is $100 and the phone is in excellent condition. Why should I accept less?,0,I told him or her $100 is my minimum price.,2,2,2,2,6,2,2,4,The response arrogant as if it is only my place to make offers.,4,4,4,3,3,4,4,4,4,2,4,4,1,0,,6,61,43,To evaluate my opinion of a partner in selling an iPhone 5 for $100.,47.48910522,-122.290802,-1,A2WCXJZEXXR60A
R_2QDJyDckQrStzhT,Default Response Set,Anonymous,,,104.129.131.193,0,6/25/2018 11:50,6/25/2018 11:55,1,Buyer,1,1,3,2,1,1,0,0,26.361,0,1,0,0,8.069,0,75,13.792,13.792,28.559,1,,,,,,1,0,0,22.017,0,1,,,,95,1,I like the deal,4,4,4,5,5,4,4,5,good,5,5,5,4,5,5,5,5,5,5,5,5,2,0,,6,43,9,decision making study,33.02000427,-96.74189758,-1,ADNSFH55XO2F8
R_32L7VhppmQ3aUHt,Default Response Set,Anonymous,,,67.181.174.153,0,6/25/2018 11:52,6/25/2018 11:55,1,Buyer,1,1,3,2,1,1,1.099,24.884,25.141,5,1,0,0,8.091,0,85,3.586,11.618,16.867,2,,,,,,1,0,0,22.035,0,1,,,,This phone isn't worth more than $50.,0,He doesn't seem willing to haggle.,2,1,5,2,6,1,1,2,He didn't want to take it.,5,5,3,3,4,5,4,2,2,3,2,3,2,0,,3,21,2,Dunno,38.60710144,-121.4633026,-1,A1PUHCEBSOWETV
R_1hAKnaEo4cLSAG1,Default Response Set,Anonymous,,,107.136.228.29,0,6/25/2018 11:51,6/25/2018 11:55,1,Buyer,1,1,3,2,1,1,23.896,23.896,29.592,1,1,0,0,8.062,0,100,5.826,5.826,16.216,1,,,,,,1,0,0,22.086,0,,1,,,120,1,I'd like to see their response.,1,1,1,1,7,1,1,2,It seems perfectly reasonable for a stranger.,4,4,4,2,3,3,5,4,4,2,4,3,2,2,Non-binary,2,20,0,How a negotiation affects a person's perception of the other person involved in the negotiation.,31.80929565,-102.4545975,-1,A3DTENUPGXWB3F
R_3McFucFhWOErDeK,Default Response Set,Anonymous,,,71.183.230.155,0,6/25/2018 11:52,6/25/2018 11:55,1,Seller,1,1,3,2,1,1,6.631,24.011,24.582,3,1,0.695,0.695,8.005,1,,,,,,100,1.112,11.027,16.03,3,1,5.27,6.002,22.054,3,,,1,,95,1,I think I can get $5 extra,1,1,1,1,7,1,1,4,he doesn't want to pay $100,4,4,4,4,4,4,4,4,4,2,4,4,1,0,,5,27,5,feelings during a negotiation ,40.6578064,-73.67199707,-1,A1TARNH07A75CG
R_WAsbvjrY0DhzSqB,Default Response Set,Anonymous,,,24.74.120.186,0,6/25/2018 11:52,6/25/2018 11:56,1,Buyer,1,1,3,2,1,1,0,0,21.213,0,1,0,0,8.095,0,I'd like to buy the phone for $100.,3.673,3.673,17.941,1,,,,,,1,0,0,22.031,0,1,,,,How about $105?,1,It's pretty close to what I had wanted.,1,4,1,1,7,1,1,4,They're pretty laid back and uninvested.,4,4,4,3,3,5,5,5,5,3,4,4,1,1,,5,24,6,To see how we negotiate,35.88259888,-80.896698,-1,A1ZB2NY0F9QNP0
R_yOaA5FkZKZnKYW5,Default Response Set,Anonymous,,,71.199.227.45,0,6/25/2018 11:48,6/25/2018 11:56,1,Buyer,1,1,3,2,1,1,0,0,50.632,0,1,0,0,8.039,0,100,9.11,51.673,52.604,7,,,,,,1,0,0,22.016,0,1,,,,Your counter is above the general market price and my means. Are you sure 100 is not possible?,0,He seems determined to get higher than market value and I'm not sure I can persuade him otherwise,2,2,3,3,6,3,2,2,"His response felt cold, although I may have prompted that with my first response which was just my offer",4,5,4,3,4,3,5,3,3,3,4,3,2,0,,5,22,1,To see how people interact with each other and feel about negotiations,30.35090637,-81.6446991,-1,A2EJLS2NDBTQHX
R_2coUDJlQD7bhFUE,Default Response Set,Anonymous,,,96.230.6.251,0,6/25/2018 11:51,6/25/2018 11:56,1,Buyer,1,1,3,2,1,1,0,0,24.261,0,1,0,0,8.09,0,I would like to buy it at 80,43.67,43.67,56.753,1,,,,,,1,0,0,22.098,0,1,,,,I can offer 90,1,There is still room to negotiate,2,2,2,3,6,2,2,4,nothing special,4,4,4,4,4,4,4,4,4,4,4,4,2,1,,6,28,4,,41.9980011,-71.49410248,-1,A3GJWXA13GMS9H
R_9mG8IinxnCUq5S9,Default Response Set,Anonymous,,,96.230.6.251,0,6/25/2018 11:51,6/25/2018 11:56,1,Buyer,1,1,3,2,1,1,0,0,21.912,0,1,0,0,8.063,0,80,40.17,40.17,45.564,1,,,,,,1,0,0,22.049,0,,1,,,90 is the minimum,1,It sounds negotiable,2,2,2,4,6,1,1,4,neutral,4,4,4,4,4,4,4,4,4,4,4,4,2,0,,6,36,8,,41.9980011,-71.49410248,-1,A33RBG4AB7LIPJ
R_4VpknLpIsaTPYVb,Default Response Set,Anonymous,,,162.200.128.164,0,6/25/2018 11:54,6/25/2018 11:57,1,Buyer,1,1,3,2,1,1,1.922,24.91,25.938,3,1,0,0,8.015,0,80,0.208,26.869,27.294,4,,,,,,1,0,0,22.021,0,1,,,,100,1,he's ok,4,3,5,1,2,6,7,2,it's a fair offer,3,6,4,4,6,6,5,4,4,2,1,2,1,1,,5,42,20,i'm not sure,39.53269958,-84.2901001,-1,A1VC85P4XYKS4D
R_2zO06uxQ3TAGchS,Default Response Set,Anonymous,,,172.72.240.130,0,6/25/2018 11:53,6/25/2018 11:57,1,Seller,1,1,3,2,1,1,0,0,30.116,0,1,0,0,8.062,0,,,,,,$100 ,9.824,40.829,49.127,4,1,0,0,22.062,0,,,1,,It's in great condition. I can't let it go for less than $100.,1,I think I can get that last $10 out of them.,2,2,1,4,7,1,1,4,It was expected.,4,4,4,4,4,4,4,3,4,2,2,2,2,0,,3,28,10,Not sure,35.4197998,-80.67479706,-1,A1F4N58CAX8IMK
R_2cki6OBVtlfMwhK,Default Response Set,Anonymous,,,100.15.26.102,0,6/25/2018 11:52,6/25/2018 11:57,1,Buyer,1,1,3,2,1,1,19.974,19.974,22.47,1,1,0,0,8.05,0,100,3.414,3.414,23.672,1,,,,,,1,11.973,12.98,22.069,2,,1,,,100,1,Let's see what happens.,2,2,2,2,7,2,2,4,They're expecting too much.,4,4,4,4,4,4,4,1,4,2,4,4,1,0,,2,23,3,Unknown,38.62460327,-76.93910217,-1,A353XKDTUX10NC
R_2bHvet5e9KW7cMw,Default Response Set,Anonymous,,,134.196.45.170,0,6/25/2018 11:49,6/25/2018 11:58,1,Seller,1,1,3,2,1,1,11.072,196.994,197.178,2,1,0,0,8.295,0,,,,,,100,1.947,6.867,20.762,3,1,0,0,22.074,0,,,1,,Lowest I can go is 95,1,Not that far off from a decent price,7,7,7,7,1,7,7,3,"They are just trying to get a lower price, its to be expected",3,3,3,1,1,1,1,3,3,1,1,1,1,0,,2,29,10,How we react in negotiations ,13.75939941,100.4888916,-1,A28AX4H70DPKKK
R_2dnHCXM11ZvAdAJ,Default Response Set,Anonymous,,,74.99.186.179,0,6/25/2018 11:56,6/25/2018 11:59,1,Seller,1,1,3,2,1,1,0,0,51.725,0,1,0,0,8.013,0,,,,,,100,10.922,16.633,21.072,2,1,0,0,22.025,0,,,,1,95,1,to see if I can get anything at all,2,2,2,2,6,2,2,4,I didn't really have any thoughts,4,4,4,4,4,4,4,5,5,2,4,4,2,1,,2,24,3,I'm not sure,40.24549866,-77.02269745,-1,A3RIBFIB7C8D20
R_291f3lBvt1nhCop,Default Response Set,Anonymous,,,75.75.48.137,0,6/25/2018 11:34,6/25/2018 12:00,1,Buyer,1,1,3,2,1,1,0,0,457.775,0,1,0,0,8.973,0,100,27.537,28.517,37.756,2,,,,,,1,0,0,22.071,0,,1,,,I can't go higher than 105,1,because i'm still interested in that phone,1,1,1,1,7,1,1,5,Neutral,4,4,4,4,4,4,4,3,4,2,4,4,1,1,,5,29,11,I'm not sure,38.47019958,-77.49559784,-1,A30GPAEVFFIAIW
R_2y8BgjbN15e2yYP,Default Response Set,Anonymous,,,96.235.128.205,0,6/25/2018 11:26,6/25/2018 12:00,1,Seller,1,1,3,2,1,1,0,0,753.944,0,1,0,0,8.294,0,,,,,,100,247.824,247.824,252.232,1,1,0,0,22.288,0,,,,1,120,1,"sure; I'll go a little higher in price, but that's it.  If the offer is rejected again, I won't continue.",2,2,4,2,6,3,3,4,"generic, aloof.",3,3,3,2,2,3,3,2,3,1,2,3,2,1,,3,26,8,To assess peoples' perceptions of a hypothetical partner based on the responses that person would give in a negotiation strategy,40.10049438,-74.72029877,-1,A3APMO8WXVH1V0
R_30oQt1aPPXiHEpm,Default Response Set,Anonymous,,,47.32.4.227,0,6/25/2018 12:00,6/25/2018 12:00,1,,1,1,2,3,,,,,,,,,,,,,,,,,,,,,,,,,,,,,,,,,,,,,,,,,,,,,,,,,,,,,,,,,,,,,,45.24200439,-93.65840149,-1,Not Found
R_9oxAKCwgqUHHOw1,Default Response Set,Anonymous,,,70.190.191.65,0,6/25/2018 11:57,6/25/2018 12:01,1,Seller,1,1,3,2,1,1,13.373,13.373,21.154,1,1,0,0,8.094,0,,,,,,100,3.852,12.368,16.275,2,1,0,0,22.081,0,,,1,,okay,0,I accepted ,1,1,1,1,1,1,1,2,it seemed fined,4,4,4,1,1,1,1,1,4,1,1,1,1,1,,2,32,13,no idea,33.76939392,-112.2481995,-1,A266LNUJOVKCDS
R_30bOMWN8lznGLIO,Default Response Set,Anonymous,,,70.190.191.65,0,6/25/2018 11:57,6/25/2018 12:01,1,Seller,1,1,3,2,1,1,3.265,3.265,20.975,1,1,0,0,8.093,0,,,,,,100,7.741,13.087,16.56,2,1,0,0,22.05,0,,,1,,that works,0,I said yes,1,1,1,1,1,1,1,2,it was okay,4,4,4,4,4,4,4,4,4,1,1,1,1,1,,3,27,10,I have no idea,33.76939392,-112.2481995,-1,A2YD8L5EPVCZBL
R_R4XjmIzokeDeBHz,Default Response Set,Anonymous,,,74.77.148.221,0,6/25/2018 11:57,6/25/2018 12:02,1,Buyer,1,1,3,2,1,1,0,0,27.334,0,1,0,0,8.065,0,100,11.418,20.569,23.317,2,,,,,,1,0,0,22.031,0,1,,,,95,1,"Lets get the price down, its outdated phone should be cheaper",6,2,2,4,6,1,1,4,Price was too high,3,3,3,3,4,4,3,3,3,4,3,3,2,0,,3,40,15,Determining character based on a simple negotation,42.99049377,-78.84200287,-1,A1UTCPSIH07WAY
R_1rrnAjfyysvAyor,Default Response Set,Anonymous,,,35.200.13.151,0,6/25/2018 11:58,6/25/2018 12:02,1,Seller,1,1,3,2,1,1,10.373,14.181,20.703,9,1,1.374,1.568,8.743,2,,,,,,$100 ,1.185,16.474,19.399,8,1,13.385,14.515,22.014,5,,,1,,"I cannot accept $90, sorry. I'd have to do $100.",1,I would like to reach the $100 point.,2,2,4,2,6,2,2,2,I thought that this response was quite unemotional. ,3,3,4,2,2,3,4,3,4,3,2,2,2,1,,4,24,3,I think the purpose of this study is to see how people view responses. ,35,105,-1,A89R5XGMHOTJE
R_88KIaETrdAbN2Nj,Default Response Set,Anonymous,,,100.36.182.204,0,6/25/2018 11:59,6/25/2018 12:02,1,Buyer,1,1,3,2,1,1,0.909,4.382,21.487,2,1,2.599,2.599,8.08,1,I will buy it for $100,1.637,1.637,29.125,1,,,,,,1,0,0,22.018,0,1,,,,$100 is the highest I'll go,1,To see if he accepts my offer,1,1,1,1,6,1,1,4,Seems like a neutral response,5,5,5,3,3,3,3,2,4,3,3,3,1,0,,5,24,6,Reaction to scenario,38.78509521,-77.28659821,-1,A7SXWHGK8B40R
R_3J8lk7a6EFZQYj4,Default Response Set,Anonymous,,,47.32.4.227,0,6/25/2018 12:01,6/25/2018 12:03,1,Buyer,1,1,3,2,1,1,0,0,22.998,0,1,0,0,8.013,0,100,5.417,7.404,16.015,2,,,,,,1,0,0,22.014,0,,1,,,ok,0,based on myh gut feeling,2,4,4,5,6,5,5,5,i thought he was neutral,5,4,4,4,4,3,5,5,4,5,6,6,3,0,,3,26,5,to see our views and opinions ,45.24200439,-93.65840149,-1,AOTCPS24JM5DQ
R_vjhcF0CsuL0RngJ,Default Response Set,Anonymous,,,69.119.33.111,0,6/25/2018 12:00,6/25/2018 12:04,1,Seller,1,1,3,2,1,1,0,0,22.83,0,1,0,0,8.084,0,,,,,,100,2.714,2.714,17.654,1,1,0,0,22.05,0,,,,1,90,1,Because I think I can make the sale,2,2,6,2,5,1,1,2,It was short and to the point. ,2,2,2,2,2,1,2,1,1,1,2,1,1,0,,5,26,6,To measure perceptions of buyers from the sellers point of view.,40.84489441,-73.84339905,-1,A3UNW797BS2R92
R_3dNirGa3J7O8Hfs,Default Response Set,Anonymous,,,125.24.150.89,0,6/25/2018 11:49,6/25/2018 12:05,1,Seller,1,1,3,2,1,1,0,0,35.309,0,1,0,0,8.039,0,,,,,,heres the first offer...$100,27.696,46.994,50.105,2,1,0,0,22.054,0,,,1,,how about 98,0,close enough,2,1,1,7,4,1,1,6,it was fine,4,4,4,4,4,4,4,4,6,2,4,4,2,1,,3,26,12,our opinions ,18.79040527,98.98471069,-1,A3VRDQJNM1IC0E
R_1eXJ2w9j4isPo5s,Default Response Set,Anonymous,,,71.183.123.157,0,6/25/2018 11:40,6/25/2018 12:05,1,Seller,1,1,3,2,1,1,0,0,547.595,0,1,0,0,8.337,0,,,,,,100,40.456,40.456,53.14,1,1,0,0,22.01,0,,,1,,ok,1,He/she seemed benign and not rude,5,3,4,1,7,1,5,2,It was decisive and blunt,4,4,4,2,1,4,2,4,4,2,2,2,1,1,,6,25,10,to assess how people's behaviors are interpreted during negotiations,40.75169373,-73.8832016,-1,AKSJ3C5O3V9RB
R_3F57wCFEe1t8skQ,Default Response Set,Anonymous,,,73.221.223.23,0,6/25/2018 12:02,6/25/2018 12:06,1,Buyer,1,1,3,2,1,1,19.926,19.926,21.053,1,1,0,0,8.061,0,100,5.449,5.449,16.67,1,,,,,,1,0,0,22.033,0,1,,,,110,1,I think we can come to an agreement,6,1,2,4,4,1,5,5,They seemed fair,5,4,5,3,2,4,5,5,5,2,3,2,2,0,,2,28,11,To see if two people could come to an agreement on the price of an iphone,47.10319519,-122.8648987,-1,A2Z3VYYYAIOGHC
R_28Yu1MtqlclHftw,Default Response Set,Anonymous,,,76.245.15.246,0,6/25/2018 12:04,6/25/2018 12:07,1,Seller,1,1,3,2,1,1,3.88,12.625,22.801,10,1,1.668,1.668,8.083,1,,,,,,100,4.259,4.259,19.883,1,1,0,0,22.779,0,,,1,,okay,0,I would sell for $90.00. ,1,1,1,1,7,1,1,4,This is a good offer.,4,4,4,4,4,4,4,1,1,1,1,1,1,0,,5,23,2,I don't know.,42.05250549,-87.89060211,-1,A2JP9IKRHNLRPI
R_1dLTVyuwFGLaPfJ,Default Response Set,Anonymous,,,38.100.151.206,0,6/25/2018 11:40,6/25/2018 12:07,1,Seller,1,1,3,2,1,1,7.147,614.026,614.748,3,1,0.791,0.791,8.049,1,,,,,,You are the seller.    You will be negotiating the price of a used iPhone 5 (16g). The average price of an unlocked iPhone 5 is $100.    You will try to sell it at $100 by making first offer to the buyer of $100.,203.876,221.651,222.88,5,1,0,0,22.476,0,,,1,,I want at least 110,0,90 is close enough,7,7,7,7,2,7,7,5,smart,5,5,5,6,6,6,6,7,6,6,6,6,3,0,,5,25,4,not sure,29.74310303,-95.44460297,-1,AV7UX8QQXABSK
R_3lMmYZDN4HijeFi,Default Response Set,Anonymous,,,8.34.117.224,0,6/25/2018 12:00,6/25/2018 12:08,1,Seller,1,1,3,2,1,1,0,0,65.059,0,1,0,0,8.005,0,,,,,,100,21.955,21.955,37.273,1,1,0,0,22.039,0,,,,1,"$100 is a fair price. If you think is isn't, you make an offer.",1,"Began negotiations, might as well finish them.",2,2,2,2,6,2,2,2,It was normal for negotiations.,4,4,4,5,5,4,4,4,4,2,4,4,1,0,,3,68,52,"To understand people's psychology better, I guess.",33.85830688,-115.2957993,-1,A2XKIP0PJ3FJ20
R_3NwjrFYzlOOw5fv,Default Response Set,Anonymous,,,71.11.34.151,0,6/25/2018 12:03,6/25/2018 12:08,1,Seller,1,1,3,2,1,1,69.014,69.014,69.59,1,1,0,0,8.091,0,,,,,,$100 ,10.308,10.308,22.389,1,1,20.855,20.855,22.077,1,,,1,,I accept.,0,$90 is fair.,2,1,1,2,7,1,1,2,Made a fair trade.,4,4,4,4,1,3,4,3,4,1,4,3,1,0,,2,31,7,I am not sure.,35.60499573,-82.3132019,-1,A200B5666JH42R
R_10G9F7ekxmjoRn6,Default Response Set,Anonymous,,,72.28.171.16,0,6/25/2018 12:01,6/25/2018 12:09,1,Buyer,1,1,3,2,1,1,0,0,197.273,0,1,0,0,8.053,0,100,1.455,15.47,15.805,3,,,,,,1,0,0,22.018,0,1,,,,105,0,I might not be able to get it for $100,2,2,2,2,6,2,2,2,They seemed a little greedy,4,4,4,1,2,2,2,1,2,2,2,2,1,1,,5,29,4,don't know,33.44830322,-81.69210052,-1,ALLP45O3BDWYM
R_2q8YUWY0eNLaYuf,Default Response Set,Anonymous,,,108.213.140.246,0,6/25/2018 12:03,6/25/2018 12:09,1,Buyer,1,1,3,2,1,1,28.877,38.588,40.252,4,1,0,0,8.086,0,100,7.004,19.096,22.521,7,,,,,,1,0,0,22.015,0,,1,,,105,1,to see if I can buy it,7,7,7,7,6,7,7,4,neutral my partner just states that he will not sell it at my price,4,4,4,2,2,4,4,5,5,2,2,2,1,0,,6,52,25,"as always, perception",29.86880493,-95.53800201,-1,A3F51C49T9A34D
R_2TsDnYK7C8fbDNN,Default Response Set,Anonymous,,,24.126.128.242,0,6/25/2018 12:02,6/25/2018 12:09,1,,1,1,3,3,,,,,,,,,,,,,,,,,,,,,,,,,,,,,,,,,,,,,,,,,,,,,,,,,,,,,,,,,,,,,,33.9828949,-84.32420349,-1,Not Found
R_3KOvxmVUuHkTqC7,Default Response Set,Anonymous,,,76.111.151.115,0,6/25/2018 11:57,6/25/2018 12:10,1,Buyer,1,1,3,2,1,1,0,0,43.831,0,1,0,0,8.078,0,100,105.358,105.358,108.93,1,,,,,,1,0,0,32.027,0,,1,,,90,1,I expect some negotiating back and forth.,1,1,1,4,6,1,1,1,It is a normal response. ,4,4,4,2,2,4,4,4,4,4,4,4,3,1,,4,30,11,I have no idea.,39.29550171,-75.56980133,-1,A9AGWXBGQV61L
R_1hKzcFBR9PPXXxS,Default Response Set,Anonymous,,,174.65.81.86,0,6/25/2018 12:04,6/25/2018 12:10,1,Seller,1,1,3,2,1,1,0,0,28.447,0,1,0,0,8.026,0,,,,,,100,9.654,9.654,20.512,1,1,0,0,22.07,0,,,1,,Can me meet in the middle at 95?,1,There is chance to conclude the sale,7,7,7,7,7,7,7,3,He/she made a fair counteroffer,4,4,4,2,2,2,3,3,4,2,2,2,1,0,,2,39,15,To see if we trust our partner?,32.84049988,-116.8796997,-1,A2VRDE2FHCBMF8
R_1NEzXgKpNVPF6wt,Default Response Set,Anonymous,,,66.189.238.21,0,6/25/2018 12:02,6/25/2018 12:10,1,Buyer,1,1,3,2,1,1,0,0,25.127,0,1,0,0,8.011,0,100,11.613,11.613,28.329,1,,,,,,1,0,0,22.088,0,,1,,,$100.00 is the best I can do. I can't offer any more.,1,I want to see if they will still take 100 dollars for it knowing that I won't go any higher.,1,1,1,4,7,1,1,3,They didn't seem happy or sad just neutral which is wise I might be able to convince them to sell me the phone at the price I wanted.,7,7,7,5,5,4,6,5,5,4,7,4,2,0,,2,30,13,I'm not sure what the purpose of this study was.,36.89849854,-89.56690216,-1,A3VE8U98QF4FVV
R_28YBaVNZTfoPpez,Default Response Set,Anonymous,,,24.46.117.154,0,6/25/2018 12:07,6/25/2018 12:10,1,Buyer,1,1,3,2,1,1,0.069,23.225,23.483,3,1,0,0,8.727,0,100,5.262,5.262,33.3,1,,,,,,1,0,0,22.048,0,1,,,,100,0,They are unfair,6,6,5,4,4,3,3,7,They are hard.,4,5,7,3,5,7,5,6,6,4,3,5,7,0,,5,27,7,Not really sure,40.61000061,-73.91079712,-1,A3JLE2LJ5I17E2
R_3pBWCWkMy4wnMm5,Default Response Set,Anonymous,,,71.163.58.108,0,6/25/2018 12:07,6/25/2018 12:10,1,Seller,1,1,3,2,1,1,0,0,30.552,0,1,0,0,8.072,0,,,,,,100,2.952,13.717,19.984,3,1,0,0,22.077,0,,,1,,What about 95?,1,I feel as though we can come to a compromise,2,2,2,3,7,2,2,4,I feel as though his response was somewhat fair,4,4,4,5,3,5,6,5,6,2,3,3,1,0,,2,23,2,Feelings of another based on their response in a financially motivated situation.,38.77909851,-76.77940369,-1,A2ZNOMZ35LKY8Q
R_3kOgjkDthRb0MKQ,Default Response Set,Anonymous,,,68.81.74.166,0,6/25/2018 12:07,6/25/2018 12:11,1,Buyer,1,1,3,2,1,1,0,0,23.637,0,1,0,0,8.083,0,100,21.13,22.517,32.601,2,,,,,,1,0,0,22.096,0,1,,,,I really only have $100 is there anyway you can accept that?,1,Usually people are always open for negotiation,1,1,4,1,7,1,1,2,it was pretty generic,4,4,4,2,2,2,2,4,4,1,4,4,2,1,,2,29,5,I have no idea,39.97669983,-75.25859833,-1,A3GEL5PWFIK05S
R_29sFYVrDrOa2UVK,Default Response Set,Anonymous,,,71.28.175.76,0,6/25/2018 12:05,6/25/2018 12:12,1,Seller,1,1,3,2,1,1,0,0,33.329,0,1,0,0,8.086,0,,,,,,$100 ,14.939,33.349,36.427,6,1,0,0,22.103,0,,,,1,"What about 90$ ? Its fully unlocked and everything, you wont find a better deal. ",1,This person might not accept the offer but I am willing to listen to his next offer. ,5,3,4,4,6,4,2,2,He seems like he might be a hard negotiator and it may be difficult to come to a agreeable solution. He might try to lowball me. ,3,2,3,3,4,2,2,3,2,2,2,1,1,0,,1,28,7,To study negotiations between an offer and our feelings about the offer by the other person. ,38.30509949,-83.16809845,-1,A4T4577P6JL6R
R_3lulK7vfardT2lr,Default Response Set,Anonymous,,,69.12.70.125,0,6/25/2018 12:06,6/25/2018 12:13,1,Buyer,1,1,3,2,1,1,0,0,61.367,0,1,0,0,8.095,0,I would like to buy this Iphone 5 from you for $100.,13.23,13.23,52.712,1,,,,,,1,0,0,22.05,0,,1,,,The most I can possibly pay is $110. I only have $100 myself and had to borrow the $10 from a friend just now. That's all I can do.,0,Because they have already refused to sell me an Iphone 5 at the average price they sell for. I feel I am being ripped off for any amount above that.,1,1,5,1,4,1,1,1,I think that they were annoyed that I was offering less than they expected to get for the Iphone.,1,1,1,1,1,1,2,1,1,1,1,1,1,0,,2,36,20,I think it was to determine how people perceive the personalities of others based on their negotiation skills.,34.0493927,-118.2640991,-1,A149XKIX8E4E1
R_2D5oPuodydb7XcY,Default Response Set,Anonymous,,,76.16.127.27,0,6/25/2018 12:07,6/25/2018 12:13,1,Buyer,1,1,3,2,1,1,103.037,105.59,107.271,2,1,0,0,8.077,0,I will buy it for 100 dollars.,3.935,4.555,41.728,2,,,,,,1,0,0,22.096,0,1,,,,100 is the most I will pay so we either have a deal or I am walking away.,1,Because I will get my price.,2,2,4,2,4,3,3,2,Thye were close to my offer but still need to come down. The response was fairly cold.,2,2,3,2,2,2,2,3,4,1,1,2,1,0,,6,30,16,How we deal with others.,41.8493042,-87.67310333,-1,A2P53AN2M8IWFP
R_10uVIM092L7Meo2,Default Response Set,Anonymous,,,24.46.117.154,0,6/25/2018 11:53,6/25/2018 12:13,1,Buyer,1,1,3,2,1,1,0.764,97.501,97.722,3,1,2.085,2.085,8.033,1,100,5.908,41.141,41.541,3,,,,,,1,0,0,22.02,0,1,,,,100,1,I like the battle,5,5,6,6,4,4,3,6,i think they are pretty reasonable,2,3,5,6,4,3,4,5,5,3,3,5,7,1,,5,24,5,Negotiating tips,40.61000061,-73.91079712,-1,ABL3H3O3BI8ZD
R_1JKR0K06rkg9WKC,Default Response Set,Anonymous,,,98.4.26.222,0,6/25/2018 12:08,6/25/2018 12:14,1,Seller,1,1,3,2,1,1,0,0,23.641,0,1,0,0,8.018,0,,,,,,100,6.736,6.736,16.321,1,1,0,0,22.037,0,,,1,,"I think that you will find the average price for an unlocked iPhone 5g is 100, so let's agree to the average price.",1,"We were pretty close in our price, so I think we can reach a deal.",3,3,3,2,5,1,1,3,"It was pretty much an average and expected response, and they didn't really surprise me.",4,5,4,4,3,4,5,4,4,3,5,4,3,0,,5,33,16,to gauge how people feel close to or offended by their counterpart in a negotiation.,43.1750946,-78.7378006,-1,AMNRYECHXZY34
R_1k0OLWOwoVkzrNX,Default Response Set,Anonymous,,,71.84.99.193,0,6/25/2018 12:07,6/25/2018 12:14,1,Seller,1,1,3,2,1,1,0,0,26.312,0,1,0,0,8.005,0,,,,,,Im selling my unlocked IPhone 5 for $100. Are you interested? ,23.618,23.618,61.457,1,1,0,0,22.085,0,,,,1,That's the best offer I can give you. ,1,I want to sell this phone. I have a feeling they are trying to play hardball. ,3,1,5,4,2,1,1,1,That they have unrealistic expectations. ,4,5,5,1,1,3,3,1,4,1,5,4,1,1,,3,33,14,To see what peoples interactions are like when bartering. ,40.58650208,-122.3917007,-1,A2V1BU0DV71Y7N
R_3PZSWj8eSxjKQSL,Default Response Set,Anonymous,,,68.9.68.104,0,6/25/2018 12:10,6/25/2018 12:14,1,Buyer,1,1,3,2,1,1,19.701,19.701,23.698,1,1,0,0,8.103,0,100,13.431,14.852,19.303,3,,,,,,1,0,0,22.065,0,,1,,,100,0,I don't even think an iphone 4 is worth $100 anymore,4,4,4,4,4,4,4,4,I was pretty neutral about their response,4,4,4,4,4,4,4,4,4,2,4,4,1,1,,3,25,8,I'm not sure.,41.54220581,-72.81950378,-1,A2PBRGT71DUYOY
R_22t5ngcH4ym0pEI,Default Response Set,Anonymous,,,96.59.227.116,0,6/25/2018 12:10,6/25/2018 12:15,1,Seller,1,1,3,2,1,1,7.654,18.064,22.323,3,1,0,0,8.075,0,,,,,,I'll sell it for $100.,4.94,5.259,22.231,2,1,0,0,22.074,0,,,1,,Meet me halfway at $95 and we have a deal.,1,"I'd like to make $95, but I'll accept $90 if they won't accept my counter-offer. It's only $5 of difference after all.",1,1,1,1,7,1,1,4,"Fairly standard and neutral. Nothing stood out from the response. Unemotional, all business.",4,4,4,2,2,1,6,4,4,1,4,2,1,0,,5,29,7,Something about negotiating a deal and what I think of the person who didn't accept my initial offer. Just a guess of course.,27.86610413,-82.32649994,-1,ALS7DO6DSBXSV
R_277FYtvx1AeBlhr,Default Response Set,Anonymous,,,73.189.147.24,0,6/25/2018 12:05,6/25/2018 12:15,1,Seller,1,1,3,2,1,1,0,0,134.083,0,1,0,0,8.096,0,,,,,,100,25.098,25.098,108.084,1,1,0,0,22.092,0,,,,1,100,0,They want to pay less than I want.,6,2,4,4,4,2,2,1,I think they wanted to try me to lower my price. I prefer not to negotiate.,3,3,4,2,2,5,5,2,3,2,2,3,1,0,,5,65,48,To the assess the reaction of someone to a hostile sales negotiation.,38.53689575,-122.8123016,-1,APRZ7BR8C0ZMQ
R_NVdJGiMYcxhSsnv,Default Response Set,Anonymous,,,174.49.33.44,0,6/25/2018 12:10,6/25/2018 12:15,1,Buyer,1,1,3,2,1,1,0,0,21.544,0,1,0,0,8.096,0,I want to buy the phone for $100.,13.813,27.133,42.33,3,,,,,,1,0,0,22.037,0,1,,,,I Accept,0,I'm willing to pay the price.,1,1,1,1,7,1,1,3,Normal,5,5,4,2,2,4,4,4,4,2,4,2,1,1,,5,36,16,I don't know.,36.1782074,-86.60980225,-1,A2I6ZS386UJVJE
R_3lXCxlcaV0B8Fbg,Default Response Set,Anonymous,,,68.48.160.237,0,6/25/2018 12:07,6/25/2018 12:15,1,Buyer,1,1,3,2,1,1,0,0,26.044,0,1,6.704,7.226,8.093,2,"I found the average price for the iPhone was $100 and thats all I got, can we make a deal?",6.293,6.293,46.777,1,,,,,,1,0,0,22.089,0,,1,,,"I wish I could, I figured we could do $100 since this is the exact average price and its very fair for the both of us not to mention my funuds are stretched thin",1,I think I can persuade them,2,2,3,2,2,3,3,3,"They didn't seem to take any notice of my offer beyond the dollar figure, quite disappointing. ",3,3,3,3,3,3,2,4,4,2,2,2,3,0,,3,31,12,Judging characteristics of an individual based off a single response,42.76269531,-84.44270325,-1,A1KA64FR47O9FS
R_1mXzeqjiTETk4Qb,Default Response Set,Anonymous,,,71.75.228.170,0,6/25/2018 12:12,6/25/2018 12:16,1,Seller,1,1,3,2,1,1,3.064,16.964,28.871,2,1,0,0,8.073,0,,,,,,85,2.079,17.472,20.001,3,1,0,0,22.076,0,,,1,,"That's fine, that's more than I was asking for you stupid robot.",0,Machines cannot be relied upon.,1,1,1,1,7,1,1,4,I think my partner is a machine and cannot be trusted.,1,1,1,1,1,1,1,1,1,1,1,1,1,2,F R A G G E R,2,27,5,dunno lol,35.06910706,-80.53019714,-1,A1RUURPQJ14A8X
R_128NUTJROTgvfQu,Default Response Set,Anonymous,,,98.102.130.170,0,6/25/2018 11:57,6/25/2018 12:16,1,Buyer,1,1,3,2,1,1,1.717,17.911,21.204,16,1,1.738,2.027,8.092,2,I am hoping you will accept the average price of this - which is $100. ,3.958,22.337,46.907,10,,,,,,1,0,0,22.088,0,1,,,,"I am sorry, but the offer I provided you is the average going price. I did this to be fair to both of us. I don't really need the product, so I will look for someone who is looking to be fair.",0,Because I clearly stated my intent in the first offer and they were not interested.,3,3,3,2,6,3,3,4,I thought it was unreasonable to counter the average price.,4,4,4,3,3,3,3,2,2,2,2,2,2,0,,3,36,18,To evaluate how people negotiate and the effect it has on them.,40.08670044,-82.5460968,-1,A2QBFXY9UQMJTT
R_1pQLlmVa4rNXlO3,Default Response Set,Anonymous,,,69.76.44.10,0,6/25/2018 12:12,6/25/2018 12:17,1,Buyer,1,1,3,2,1,1,0,0,27.673,0,1,0,0,8.085,0,85,8.364,8.364,18.164,1,,,,,,1,0,0,22.033,0,1,,,,I can't pay that much. My counter offer is 90.,1,He may come down to 100.,1,1,1,1,7,1,1,2,He didn't want to accept 85.,4,4,4,2,2,4,4,4,4,1,4,2,1,1,,2,36,22,Willingness to negotiate and the reasons behind rejection.,37.76620483,-87.25910187,-1,AZBH4LJ5SL456
R_3Rxs7zoKWQn8VAc,Default Response Set,Anonymous,,,50.23.71.39,0,6/25/2018 12:14,6/25/2018 12:17,1,Seller,1,1,3,2,1,1,17.216,17.219,24.177,2,1,0,0,8.015,0,,,,,,100,5.698,5.722,16.098,2,1,0,0,22.044,0,,,1,,I can do that.,0,$90 is a reasonable price.,2,2,2,2,6,2,2,4,It was pretty plain and clear cut.,4,4,4,2,2,2,4,4,5,2,2,2,2,1,,5,34,13,How people negotiate...?,37.33880615,-121.8914032,-1,AKNYT1NTK2UFK
R_RFaHxDNtCkibQWZ,Default Response Set,Anonymous,,,66.214.4.43,0,6/25/2018 12:13,6/25/2018 12:17,1,Seller,1,1,3,2,1,1,0,0,21.365,0,1,0,0,8.034,0,,,,,,$100 ,2.045,2.045,17.184,1,1,0,0,22.05,0,,,1,,98,1,I want to get more money,6,4,4,4,4,4,4,6,I feel like he or she can pony up more dough.,6,5,6,5,5,5,5,4,5,4,4,4,3,0,,5,24,1,The researcher is trying to figure out how much he or she can make selling an iphone 5 on craigslist,33.793396,-118.1212006,-1,A39DNHD26OMN4Q
R_2xM0Msb6Y71SGVj,Default Response Set,Anonymous,,,107.10.200.168,0,6/25/2018 12:05,6/25/2018 12:17,1,Seller,1,1,3,2,1,1,0.981,366.741,366.823,2,1,0,0,8.604,0,,,,,,100,57.044,57.044,60.775,1,1,0,0,22.402,0,,,,1,90,0,I think I could get $100 from someone else.,2,2,2,2,6,2,2,2,I think they don't want to pay the going rate.,4,4,4,2,2,2,2,4,4,2,2,2,1,0,,5,36,11,I don't know.,41.47210693,-81.64659882,-1,A142ZRU284W9O
R_3fTOVvmNhEBAOOk,Default Response Set,Anonymous,,,71.221.137.102,0,6/25/2018 12:09,6/25/2018 12:18,1,Buyer,1,1,3,2,1,1,165.036,165.036,172.77,1,1,0,0,8.094,0,"Hello, I'd like to buy your iphone 5 for $100.",6.973,29.079,29.592,2,,,,,,1,0,0,22.039,0,,1,,,"Ok, how about $100?",1,Because I want to see if I can get them to accept.,1,1,1,1,6,1,1,4,I thought that it was a relatively normal response for negotiations.,2,5,5,2,2,4,6,4,4,2,5,2,1,1,,1,32,16,I'm honestly not sure,30.10940552,-95.25189972,-1,AADRVG2QVZH75
R_Z9KS4TTjL8cnffX,Default Response Set,Anonymous,,,132.147.20.195,0,6/25/2018 12:15,6/25/2018 12:19,1,Buyer,1,1,3,2,1,1,5.853,5.853,22.527,1,1,0,0,8.037,0,100,9.13,19.554,27.021,7,,,,,,1,0,0,22.089,0,1,,,,"Sorry, I'm only willing to pay 100",1,I believe I can get them down to 100,3,5,3,2,5,2,2,3,it seemed to be typical and what I expected. it was particularly strong in any way,3,3,3,4,4,5,5,4,5,3,3,3,2,0,,5,30,4,assessing a negotiation partner,33.57159424,-81.84220123,-1,AK3H5QRAROFGP
R_xl0k3J6XxUDsC1X,Default Response Set,Anonymous,,,99.60.232.109,0,6/25/2018 12:17,6/25/2018 12:21,1,Buyer,1,1,3,2,1,1,0,0,54.445,0,1,1.515,1.515,8.103,1,100,14.41,14.41,18.687,1,,,,,,1,0,0,22.09,0,1,,,,yes,0,done,6,5,6,6,6,6,4,7,none,2,3,2,2,2,3,2,2,2,2,3,3,2,0,,2,26,2,na,38.70120239,-90.36699677,-1,A37KREDYGDTP4U
R_1IZbhsXkPiPcUTR,Default Response Set,Anonymous,,,73.144.111.74,0,6/25/2018 12:17,6/25/2018 12:21,1,Seller,1,1,3,2,1,1,0,0,22.22,0,1,0,0,8.034,0,,,,,,100,6.67,32.499,33.213,5,1,0,0,22.064,0,,,1,,sounds good,0,I'm happy to accept $90,4,5,7,7,2,7,7,5,I thought they were very fair with their counteroffer. ,5,5,5,3,3,4,5,5,5,4,5,5,2,1,,2,44,25,"Maybe just to see how much we would negotiate? Honestly, if they had come back with a lesser amount, I would have continued to negotiate, but I thought their offer was very fair. ",42.64390564,-83.05039978,-1,AFU00NU09CFXE
R_726fgcTcoOfn21z,Default Response Set,Anonymous,,,50.40.66.146,0,6/25/2018 12:17,6/25/2018 12:22,1,Buyer,1,1,3,2,1,1,0,0,24.826,0,1,0,0,8.086,0,100,9.844,9.844,16.469,1,,,,,,1,0,0,22.037,0,1,,,,My counter offer is 150,1,To see if he has another counter offer.,7,1,1,1,7,1,1,1,That he might be greedy.,4,4,4,4,4,4,4,2,3,1,4,4,1,1,,2,60,16,Trust and judgement.,40.52819824,-88.98010254,-1,AM03OFEBTZ4EV
R_1GuVpelTl6uayxt,Default Response Set,Anonymous,,,70.171.9.199,0,6/25/2018 12:16,6/25/2018 12:22,1,Seller,1,1,3,2,1,1,0,0,22.613,0,1,0,0,8.071,0,,,,,,"Hello, The iPhone 5 is priced at $100.00.",1.254,26.936,51.076,4,1,0,0,22.022,0,,,,1,The best I can do is $90.00.,1,I think the iPhone is overpriced based on its features and anything over $35.00 is a great deal. ,1,1,1,4,7,1,1,4,General thoughts about partner's response is that the response is expected. ,4,4,4,1,1,1,1,1,4,4,4,4,2,0,,5,25,6,To understand thoughts on negotiation. ,29.63699341,-82.23190308,-1,AZ69TBTDH7AZS
R_5vSqtHcvm8WLSKZ,Default Response Set,Anonymous,,,75.133.98.246,0,6/25/2018 12:18,6/25/2018 12:22,1,Seller,1,1,3,2,1,1,0,0,21.692,0,1,0,0,8.044,0,,,,,,100,2.65,2.65,16.642,1,1,0,0,22.639,0,,,1,,How about 95,1,I could get them to pay some more,1,1,1,1,1,1,1,4,it doesn't really have any feelings in it it's just a regular response,4,4,4,4,4,4,4,4,4,2,4,4,1,1,,4,36,8,negotiation tactics,41.46730042,-73.38829803,-1,AKHH4W14A6AN9
R_3pgPWqxA0gQf5TK,Default Response Set,Anonymous,,,67.159.145.43,0,6/25/2018 12:18,6/25/2018 12:22,1,Buyer,1,1,3,2,1,1,0,0,26.117,0,1,0,0,8.043,0,I'm offering $100,17.731,26.885,31.679,2,,,,,,1,0,0,22.062,0,,1,,,$100 is the best I can do.,1,I'll give it a little more time,3,5,5,4,5,3,3,2,Was a bit vague ,2,2,2,3,3,3,3,1,3,2,2,2,1,1,,2,39,15,How people react to negotiation responses.,38.76319885,-121.2794952,-1,A3C1U769G160ZE
R_vkl2v5tFbxl26Vr,Default Response Set,Anonymous,,,24.126.128.242,0,6/25/2018 12:09,6/25/2018 12:23,1,Seller,1,1,3,2,1,1,0,0,54.655,0,1,0,0,9.023,0,,,,,,100,171.171,171.171,178.179,1,1,0,0,22.562,0,,,,1,90,1,I want to sell the phone,3,2,4,4,5,3,4,3,He wants a better deal for him,3,3,4,5,4,5,5,4,4,5,4,4,4,0,,4,34,11,n/a,33.9828949,-84.32420349,-1,APO6KZZ79PO9Q
R_128XQZzU2A2ymkZ,Default Response Set,Anonymous,,,174.47.173.254,0,6/25/2018 12:20,6/25/2018 12:23,1,Buyer,1,1,3,2,1,1,3.911,20.557,21.16,6,1,4.684,4.684,8.08,1,100,1.572,1.854,20.629,2,,,,,,1,0,0,22.026,0,,1,,,"I'm sorry, this is the best I can do.",0,Doesn't seem to be very receptive to the offer,5,5,3,6,4,6,6,2,Isn't really the type to be negotiating with,2,3,3,2,2,2,2,2,2,2,2,2,2,0,,5,27,6,I'm not entirely sure to be honest,30.13749695,-93.45290375,-1,A326O3VWP8TO8N
R_AuGuP8zaQmsLONP,Default Response Set,Anonymous,,,24.167.183.94,0,6/25/2018 12:20,6/25/2018 12:24,1,Seller,1,1,3,2,1,1,9.066,21.715,23.694,10,1,1.104,3.045,8.095,4,,,,,,100,2.207,17.846,20.931,7,1,0,0,22.232,0,,,,1,"$100 if a fair offer. It is what they are selling for.  Let's accept $100 and save some time, you'll get a great phone.",1,I think I can convince them to buy for $100.,7,7,7,7,4,7,7,3,"They're looking for a bargain, I can't fault them for that.",4,4,4,4,2,4,2,3,4,2,2,2,1,0,,2,34,17,To see if a simple interaction about selling a phone would make me feel closer or trusting with another person.,35.95629883,-79.99289703,-1,AZOF6QSSWG98H
R_VLqNImAHu3JZTRD,Default Response Set,Anonymous,,,23.118.225.159,0,6/25/2018 12:12,6/25/2018 12:25,1,Buyer,1,1,3,2,1,1,179.652,180.038,180.569,2,1,0,0,8.048,0,100,1.506,8.607,56.793,3,,,,,,1,0,0,22.035,0,,1,,,200,0,don't feel like bartering,2,2,2,4,7,2,2,4,neutral,6,6,6,6,6,6,6,7,6,6,6,6,4,0,,5,30,12,neutral ,30.00280762,-95.39630127,-1,A2R9OK4M877ZCC
R_bBE7AtW2q0fueaZ,Default Response Set,Anonymous,,,98.117.94.224,0,6/25/2018 12:27,6/25/2018 12:32,1,Seller,1,1,3,2,1,1,0,0,25.973,0,1,0,0,8.098,0,,,,,,$100 ,12.112,12.112,23.9,1,1,0,0,22.067,0,,,,1,I really need to sell this phone for $100,1,I would like to sell the phone,5,2,2,4,4,2,2,1,I was not receptive or excited,4,4,4,4,4,3,4,3,3,2,4,2,1,0,,5,28,10,emotions in dealing with negotiations,37.58399963,-77.52059937,-1,A23PQPECIUVKHC
R_DGKh0OKgUUdFy9z,Default Response Set,Anonymous,,,174.60.56.18,0,6/25/2018 12:33,6/25/2018 12:40,1,Buyer,1,1,3,2,1,1,0,0,56.674,0,1,0,0,8.038,0,100,3.68,3.68,19.561,1,,,,,,1,0,0,23.02,0,,1,,,"I'm willing to up my offer by 5 dollars, making it 105, but anything higher than that is pushing it.",0,"They are clearly overvaluing their item, and most people tend to be locked in their own idea of what the item is worth.",1,1,1,1,6,1,1,1,"It was very blunt, straight-forward and didn't really support his decision as to why my offer wasn't good enough for him.",3,3,3,2,2,2,2,2,3,2,2,2,2,0,,2,24,6,People's perception of a negotiator they negotiate with.,39.79679871,-76.99299622,-1,A2MFQ11WV445GC
R_2uD97fxAFxJ8Tww,Default Response Set,Anonymous,,,97.75.248.100,0,6/25/2018 12:37,6/25/2018 12:43,1,Seller,1,1,3,2,1,1,0,0,27.461,0,1,0,0,8.087,0,,,,,,I am asking $100.,23.646,23.646,35.052,1,1,0,0,22.074,0,,,1,,Lets meet in the middle at $95,1,I would like to sell my phone.,2,2,2,2,7,2,2,3,I expected them to offer a lower amount.,5,5,5,2,2,3,3,4,5,2,5,3,1,1,,3,55,25,first impressions ,36.71749878,-94.2335968,-1,A2JOHICL072IY3
R_1dgdEEhp4uaS3wh,Default Response Set,Anonymous,,,74.110.155.33,0,6/25/2018 12:40,6/25/2018 12:46,1,Buyer,1,1,3,2,1,1,0,0,37.802,0,1,0,0,8.037,0,"No, I will offer 90 dollars",9.618,19.677,47.95,2,,,,,,1,0,0,22.945,0,,1,,,How about 95 dollars,1,I think I can get a price under 100 dollars,2,2,2,6,4,2,2,3,I think the partner wants at least 100 dollars,5,5,5,3,4,3,4,5,5,3,4,4,2,1,,5,48,12,I am not certain. ,37.50230408,-77.56929779,-1,A2EPBSY0VPI38S
R_REWcuHUBU9FKtmp,Default Response Set,Anonymous,,,64.178.239.46,0,6/25/2018 12:49,6/25/2018 12:56,1,Seller,1,1,3,2,1,1,0,0,35.464,0,1,0,0,8.03,0,,,,,,My price is $100,24.287,24.287,46.73,1,1,0,0,22.086,0,,,,1,It is very much worth $100,1,It is a good price,1,1,5,1,1,5,1,2,rude,2,2,2,1,1,1,1,1,1,1,1,1,1,1,,2,52,32,Connecting with a partner.,34.79269409,-85.68470001,-1,A1TSPXCPRHR73P
R_3oF5gGTO4dQFQ2I,Default Response Set,Anonymous,,,76.185.183.214,0,6/25/2018 13:01,6/25/2018 13:08,1,Buyer,1,1,3,2,1,1,4.07,74.029,75.14,3,1,1.446,3.373,8.079,2,100,3.538,28.079,28.484,8,,,,,,1,0,0,22.082,0,,1,,,"$100 is the highest for an old iPhone 5 its a good offer , you will not find anything higher.",0,Seems dead set on getting more money for an apple device.,2,2,5,2,2,6,5,1,They seems to think any apple brand will bring in more money due to it being an Apple device.,1,1,1,2,2,2,3,1,2,1,1,1,1,0,,1,36,20,Negotiating skills for an over priced device.,29.44110107,-98.45850372,-1,A3RYI5HXC2MJLN
R_YX3JmKkXqS6tNN7,Default Response Set,Anonymous,,,136.0.99.89,0,6/25/2018 13:07,6/25/2018 13:09,1,,1,1,1,1,,,,,,,,,,,,,,,,,,,,,,,,,,,,,,,,,,,,,,,,,,,,,,,,,,,,,,,,,,,,,,37.33869934,-121.8914032,-1,Not Found
R_3ERUj0Xv95MBGkC,Default Response Set,Anonymous,,,199.115.115.209,0,6/25/2018 13:16,6/25/2018 13:17,1,,1,1,2,2,,,,,,,,,,,,,,,,,,,,,,,,,,,,,,,,,,,,,,,,,,,,,,,,,,,,,,,,,,,,,,38.77009583,-77.63210297,-1,Not Found
R_3khQ3xneFLaUCkE,Default Response Set,Anonymous,,,199.115.115.209,8,6/25/2018 13:17,6/25/2018 13:17,1,,1,1,2,2,,,,,,,,,,,,,,,,,,,,,,,,,,,,,,,,,,,,,,,,,,,,,,,,,,,,,,,,,,,,,,38.77009583,-77.63210297,-1,Not Found
R_3hc1kj5y0lB6Qh7,Default Response Set,Anonymous,,,199.115.115.209,0,6/25/2018 13:17,6/25/2018 13:18,1,,1,1,4,2,,,,,,,,,,,,,,,,,,,,,,,,,,,,,,,,,,,,,,,,,,,,,,,,,,,,,,,,,,,,,,38.77009583,-77.63210297,-1,Not Found
R_1LBbrXpKipVQpJB,Default Response Set,Anonymous,,,199.115.115.209,0,6/25/2018 13:18,6/25/2018 13:18,1,,1,1,1,2,,,,,,,,,,,,,,,,,,,,,,,,,,,,,,,,,,,,,,,,,,,,,,,,,,,,,,,,,,,,,,38.77009583,-77.63210297,-1,Not Found
R_22nKvG4XvkhcPZV,Default Response Set,Anonymous,,,199.115.115.209,0,6/25/2018 13:18,6/25/2018 13:19,1,,1,1,5,2,,,,,,,,,,,,,,,,,,,,,,,,,,,,,,,,,,,,,,,,,,,,,,,,,,,,,,,,,,,,,,38.77009583,-77.63210297,-1,Not Found
R_2pYsQcsmMmRysI6,Default Response Set,Anonymous,,,199.115.115.209,0,6/25/2018 13:19,6/25/2018 13:24,1,Seller,1,1,3,2,1,1,0,0,21.572,0,1,0,0,8.057,0,,,,,,100,39.835,40.189,57.785,2,1,0,0,22.038,0,,,,1,let me hear it,0,I am done ,2,2,2,6,6,2,6,6,fair ,6,6,6,5,5,6,6,6,6,6,6,6,5,0,,4,30,4,not sure,38.77009583,-77.63210297,-1,A33M7EZ72P8TWF
R_D8JMsfStSYQSf0l,Default Response Set,Anonymous,,,50.79.15.173,0,6/25/2018 13:05,6/25/2018 13:34,1,Buyer,1,1,3,2,1,1,0,0,48.552,0,1,0,0,8.552,0,100,8.281,8.281,15.923,1,,,,,,1,0,0,22.276,0,,1,,,What is your idea of a better offer?,1,The person was pleasant enough to continue negotiating,2,2,1,2,7,2,2,3,It was par for the course of negotiating with someone that you do not know,5,5,6,4,4,5,4,5,5,2,2,2,1,1,,6,28,10,To see how a comment can affect your impression of an individual,38.81559753,-77.04530334,-1,A1ZIUYPBA8HVPL
R_2CfeVjuxe1FLg82,Default Response Set,Anonymous,,,68.48.160.237,0,6/25/2018 12:09,6/25/2018 14:53,1,Seller,1,1,3,2,1,1,9528.422,9528.422,9537.086,1,1,0,0,8.091,0,,,,,,We can make a deal today for $100 ,48.744,48.744,85.805,1,1,0,0,22.038,0,,,,1,"Thats a very friendly price there, what are you offering?",1,So I can sway them to buy it at 100,5,2,3,2,2,3,5,2,"Seemed timid, like they didn't know how to bargain",4,4,4,3,3,1,2,4,4,2,3,2,3,0,,3,31,13,judging the a single response and try to associate different traits with that response to form an opinion of a person,42.76269531,-84.44270325,-1,Not Found
